-- phpMyAdmin SQL Dump
-- version 4.8.3
-- https://www.phpmyadmin.net/
--
-- Host: 127.0.0.1
-- Waktu pembuatan: 23 Apr 2019 pada 09.48
-- Versi server: 10.1.37-MariaDB
-- Versi PHP: 7.2.12

SET SQL_MODE = "NO_AUTO_VALUE_ON_ZERO";
SET AUTOCOMMIT = 0;
START TRANSACTION;
SET time_zone = "+00:00";


/*!40101 SET @OLD_CHARACTER_SET_CLIENT=@@CHARACTER_SET_CLIENT */;
/*!40101 SET @OLD_CHARACTER_SET_RESULTS=@@CHARACTER_SET_RESULTS */;
/*!40101 SET @OLD_COLLATION_CONNECTION=@@COLLATION_CONNECTION */;
/*!40101 SET NAMES utf8mb4 */;

--
-- Database: `lpg`
--

-- --------------------------------------------------------

--
-- Struktur dari tabel `tabelagen`
--

CREATE TABLE `tabelagen` (
  `niap` varchar(6) NOT NULL,
  `namaAgen` varchar(30) NOT NULL,
  `alamat` tinytext NOT NULL,
  `penjab` varchar(30) NOT NULL
) ENGINE=InnoDB DEFAULT CHARSET=latin1;

--
-- Dumping data untuk tabel `tabelagen`
--

INSERT INTO `tabelagen` (`niap`, `namaAgen`, `alamat`, `penjab`) VALUES
('a306', 'PT. Serayu Mitra Selaras', 'Jl. Dipayudha No. 15', 'Anas Pribadi, SE.'),
('a307', 'PT. Mudah Hasil', 'Jl. Sunan Gripit No. 12', '-'),
('a308', 'PT. Viroma Guyub Abadi', 'Jl. Raya Klampok No. 18', 'Paulus Karsono'),
('a309', 'PT. Budi Seger Jaya', 'Jl. Letjend. Suprapto No. 163', 'Muchtar Hapiyanto Wijaya'),
('a310', 'PT. Satria Gas Abadi', '-', '-'),
('a311', 'PT. Ranasa Abadi Mamur', 'Jl. Raya Banyumas - Banyumas Km. 21', 'Supono');

-- --------------------------------------------------------

--
-- Struktur dari tabel `tabeldesa`
--

CREATE TABLE `tabeldesa` (
  `nid` varchar(10) NOT NULL,
  `kecamatan` varchar(30) NOT NULL,
  `desa` varchar(30) NOT NULL
) ENGINE=InnoDB DEFAULT CHARSET=latin1;

--
-- Dumping data untuk tabel `tabeldesa`
--

INSERT INTO `tabeldesa` (`nid`, `kecamatan`, `desa`) VALUES
('3304012001', 'Susukan', 'Berta '),
('3304012002', 'Susukan', 'Derik Wetan'),
('3304012003', 'Susukan', 'Gumelem Kulon'),
('3304012004', 'Susukan', 'Gumelem Wetan'),
('3304012005', 'Susukan', 'Panarusan Kulon'),
('3304012006', 'Susukan', 'Panarusan '),
('3304012007', 'Susukan', 'Brengkok '),
('3304012008', 'Susukan', 'Pakikiran Wetan'),
('3304012009', 'Susukan', 'Piasa '),
('3304012010', 'Susukan', 'Karangsalam '),
('3304012011', 'Susukan', 'Kemranggon '),
('3304012012', 'Susukan', 'Susukan '),
('3304012013', 'Susukan', 'Dermasari '),
('3304012014', 'Susukan', 'Kedawung '),
('3304012015', 'Susukan', 'Karangjati '),
('3304022001', 'Purwareja Klampok', 'Sirkandi '),
('3304022002', 'Purwareja Klampok', 'Pagak '),
('3304022003', 'Purwareja Klampok', 'Kecitran '),
('3304022004', 'Purwareja Klampok', 'Purworejo '),
('3304022005', 'Purwareja Klampok', 'Klampok '),
('3304022006', 'Purwareja Klampok', 'Kalilandak '),
('3304022007', 'Purwareja Klampok', 'Kalimandi '),
('3304022008', 'Purwareja Klampok', 'Kaliwinasuh '),
('3304032001', 'Mandiraja', 'Jalatunda '),
('3304032002', 'Mandiraja', 'Somawangi '),
('3304032003', 'Mandiraja', 'Kaliwungu '),
('3304032004', 'Mandiraja', 'Kebanaran '),
('3304032005', 'Mandiraja', 'Glempang '),
('3304032006', 'Mandiraja', 'Salamerta '),
('3304032007', 'Mandiraja', 'Purwasaba '),
('3304032008', 'Mandiraja', 'Blimbing '),
('3304032009', 'Mandiraja', 'Panggisari '),
('3304032010', 'Mandiraja', 'Candiwulan '),
('3304032011', 'Mandiraja', 'Simbang '),
('3304032012', 'Mandiraja', 'Kertayasa '),
('3304032013', 'Mandiraja', 'Banjengan '),
('3304032014', 'Mandiraja', 'Mandiraja Kulon'),
('3304032015', 'Mandiraja', 'Kebakalan '),
('3304032016', 'Mandiraja', 'Mandiraja Wetan'),
('3304042001', 'Purwonegoro', 'Kalitengah '),
('3304042002', 'Purwonegoro', 'Merden '),
('3304042003', 'Purwonegoro', 'Karanganyar '),
('3304042004', 'Purwonegoro', 'Kaliajir '),
('3304042005', 'Purwonegoro', 'Petir '),
('3304042006', 'Purwonegoro', 'Pucungbedug '),
('3304042007', 'Purwonegoro', 'Parakan '),
('3304042008', 'Purwonegoro', 'Mertasari '),
('3304042009', 'Purwonegoro', 'Danaraja '),
('3304042010', 'Purwonegoro', 'Purwonegoro '),
('3304042011', 'Purwonegoro', 'Kalipelus '),
('3304042012', 'Purwonegoro', 'Gumiwang '),
('3304042013', 'Purwonegoro', 'Kutawuluh '),
('3304052001', 'Bawang', 'Wanadri '),
('3304052002', 'Bawang', 'Kebondalem '),
('3304052003', 'Bawang', 'Majalengka '),
('3304052004', 'Bawang', 'Wiramastra '),
('3304052005', 'Bawang', 'Kutayasa '),
('3304052006', 'Bawang', 'Winong '),
('3304052007', 'Bawang', 'Depok '),
('3304052008', 'Bawang', 'Watuurip '),
('3304052009', 'Bawang', 'Masaran '),
('3304052010', 'Bawang', 'Serang '),
('3304052011', 'Bawang', 'Mantrianom '),
('3304052012', 'Bawang', 'Binorong '),
('3304052013', 'Bawang', 'Joho '),
('3304052014', 'Bawang', 'Bawang '),
('3304052015', 'Bawang', 'Bandingan '),
('3304052016', 'Bawang', 'Blambangan '),
('3304052017', 'Bawang', 'Gemuruh '),
('3304052018', 'Bawang', 'Pucang '),
('3304061001', 'Banjarnegara', 'Argasoka '),
('3304061006', 'Banjarnegara', 'Karangtengah '),
('3304061007', 'Banjarnegara', 'Wangon '),
('3304061008', 'Banjarnegara', 'Semampir '),
('3304061009', 'Banjarnegara', 'Sokanandi '),
('3304061010', 'Banjarnegara', 'Parakancanggah '),
('3304061011', 'Banjarnegara', 'Semarang '),
('3304061012', 'Banjarnegara', 'Krandegan '),
('3304061013', 'Banjarnegara', 'Kuta Banjarnegara '),
('3304062002', 'Banjarnegara', 'Ampelsari '),
('3304062003', 'Banjarnegara', 'Tlagawera '),
('3304062004', 'Banjarnegara', 'Cendana '),
('3304062005', 'Banjarnegara', 'Sokayasa '),
('3304071015', 'Sigaluh', 'Kalibenda'),
('3304072001', 'Sigaluh', 'Pringamba '),
('3304072002', 'Sigaluh', 'Sawal '),
('3304072003', 'Sigaluh', 'Panawaren '),
('3304072004', 'Sigaluh', 'Tunggara '),
('3304072005', 'Sigaluh', 'Randegan '),
('3304072006', 'Sigaluh', 'Bojanegara '),
('3304072007', 'Sigaluh', 'Bandingan '),
('3304072008', 'Sigaluh', 'Prigi '),
('3304072009', 'Sigaluh', 'Gembongan '),
('3304072010', 'Sigaluh', 'Kemiri '),
('3304072011', 'Sigaluh', 'Karangmangu '),
('3304072012', 'Sigaluh', 'Wanacipta '),
('3304072013', 'Sigaluh', 'Sigaluh '),
('3304072014', 'Sigaluh', 'Singamerta '),
('3304081011', 'Madukara', 'Kenteng '),
('3304081012', 'Madukara', 'Rejasa '),
('3304082001', 'Madukara', 'Limbangan '),
('3304082002', 'Madukara', 'Penawangan '),
('3304082003', 'Madukara', 'Talunamba '),
('3304082004', 'Madukara', 'Madukara '),
('3304082005', 'Madukara', 'Kutayasa '),
('3304082006', 'Madukara', 'Pekauman '),
('3304082007', 'Madukara', 'Pagelak '),
('3304082008', 'Madukara', 'Dawuhan '),
('3304082009', 'Madukara', 'Bantarwaru '),
('3304082010', 'Madukara', 'Sered '),
('3304082013', 'Madukara', 'Petambakan '),
('3304082014', 'Madukara', 'Rakitan '),
('3304082015', 'Madukara', 'Blitar '),
('3304082016', 'Madukara', 'Kaliurip '),
('3304082017', 'Madukara', 'Karanganyar '),
('3304082018', 'Madukara', 'Gununggiana '),
('3304082019', 'Madukara', 'Clapar '),
('3304082020', 'Madukara', 'Pakelen '),
('3304092001', 'Banjarmangu', 'Jenggawur '),
('3304092002', 'Banjarmangu', 'Banjarkulon '),
('3304092003', 'Banjarmangu', 'Banjarmangu '),
('3304092004', 'Banjarmangu', 'Rejasari '),
('3304092005', 'Banjarmangu', 'Kesenet '),
('3304092006', 'Banjarmangu', 'Kalilunjar '),
('3304092007', 'Banjarmangu', 'Sijeruk '),
('3304092008', 'Banjarmangu', 'Kendaga '),
('3304092009', 'Banjarmangu', 'Gripit '),
('3304092010', 'Banjarmangu', 'Pekandangan '),
('3304092011', 'Banjarmangu', 'Sigeblog '),
('3304092012', 'Banjarmangu', 'Paseh '),
('3304092013', 'Banjarmangu', 'Sipedang '),
('3304092014', 'Banjarmangu', 'Sijenggung '),
('3304092015', 'Banjarmangu', 'Beji '),
('3304092016', 'Banjarmangu', 'Prendengan '),
('3304092017', 'Banjarmangu', 'Majatengah '),
('3304102001', 'Wanadadi', 'Kasilib '),
('3304102002', 'Wanadadi', 'Tapen '),
('3304102003', 'Wanadadi', 'Karangjambe '),
('3304102004', 'Wanadadi', 'Wanadadi '),
('3304102005', 'Wanadadi', 'Wanakarsa '),
('3304102006', 'Wanadadi', 'Lemahjaya '),
('3304102007', 'Wanadadi', 'Karangkemiri '),
('3304102008', 'Wanadadi', 'Kandangwangi '),
('3304102009', 'Wanadadi', 'Medayu '),
('3304102010', 'Wanadadi', 'Linggasari '),
('3304102011', 'Wanadadi', 'Gumingsir '),
('3304112001', 'Rakit', 'Pingit '),
('3304112002', 'Rakit', 'Situwangi '),
('3304112003', 'Rakit', 'Gelang '),
('3304112004', 'Rakit', 'Rakit '),
('3304112005', 'Rakit', 'Adipasir '),
('3304112006', 'Rakit', 'Bandingan '),
('3304112007', 'Rakit', 'Kincang '),
('3304112008', 'Rakit', 'Badamita '),
('3304112009', 'Rakit', 'Tanjunganom '),
('3304112010', 'Rakit', 'Luwung '),
('3304112011', 'Rakit', 'Lengkong '),
('3304122001', 'Punggelan', 'Sambong '),
('3304122002', 'Punggelan', 'Danakerta '),
('3304122003', 'Punggelan', 'Klapa '),
('3304122004', 'Punggelan', 'Kecepit '),
('3304122005', 'Punggelan', 'Karangsari '),
('3304122006', 'Punggelan', 'Tribuana '),
('3304122007', 'Punggelan', 'Sawangan '),
('3304122008', 'Punggelan', 'Sidarata '),
('3304122009', 'Punggelan', 'Badakarya '),
('3304122010', 'Punggelan', 'Punggelan '),
('3304122011', 'Punggelan', 'Jembangan '),
('3304122012', 'Punggelan', 'Purwasana '),
('3304122013', 'Punggelan', 'Petuguran '),
('3304122014', 'Punggelan', 'Bondolharjo '),
('3304122015', 'Punggelan', 'Tanjungtirto '),
('3304122016', 'Punggelan', 'Tlaga '),
('3304122017', 'Punggelan', 'Mlaya '),
('3304132001', 'Karangkobar', 'Paweden '),
('3304132002', 'Karangkobar', 'Gumelar '),
('3304132003', 'Karangkobar', 'Purwodadi '),
('3304132004', 'Karangkobar', 'Sampang '),
('3304132005', 'Karangkobar', 'Slatri '),
('3304132006', 'Karangkobar', 'Pagerpelah '),
('3304132007', 'Karangkobar', 'Pasuruhan '),
('3304132008', 'Karangkobar', 'Karanggondang '),
('3304132009', 'Karangkobar', 'Jlegong '),
('3304132010', 'Karangkobar', 'Ambal '),
('3304132011', 'Karangkobar', 'Binangun '),
('3304132012', 'Karangkobar', 'Karangkobar '),
('3304132013', 'Karangkobar', 'Leksana '),
('3304142001', 'Pagentan', 'Larangan '),
('3304142002', 'Pagentan', 'Karangnangka '),
('3304142003', 'Pagentan', 'Aribaya '),
('3304142004', 'Pagentan', 'Nagasari '),
('3304142005', 'Pagentan', 'Gumingsir '),
('3304142006', 'Pagentan', 'Sokaraja '),
('3304142007', 'Pagentan', 'Kayuares '),
('3304142008', 'Pagentan', 'Metawana '),
('3304142009', 'Pagentan', 'Kalitlaga '),
('3304142010', 'Pagentan', 'Karekan '),
('3304142011', 'Pagentan', 'Plumbungan '),
('3304142012', 'Pagentan', 'Pagetan '),
('3304142013', 'Pagentan', 'Kasmaran '),
('3304142014', 'Pagentan', 'Majasari '),
('3304142015', 'Pagentan', 'Babadan '),
('3304142016', 'Pagentan', 'Tegaljeruk '),
('3304152001', 'Pejawaran', 'Kalilunjar '),
('3304152002', 'Pejawaran', 'Karangsari '),
('3304152003', 'Pejawaran', 'Sarwadadi '),
('3304152004', 'Pejawaran', 'Grogol '),
('3304152005', 'Pejawaran', 'Giritirta '),
('3304152006', 'Pejawaran', 'Biting '),
('3304152007', 'Pejawaran', 'Tlahap '),
('3304152008', 'Pejawaran', 'Darmayasa '),
('3304152009', 'Pejawaran', 'Pejawaran '),
('3304152010', 'Pejawaran', 'Panusupan '),
('3304152011', 'Pejawaran', 'Ratamba '),
('3304152012', 'Pejawaran', 'Sidengkok '),
('3304152013', 'Pejawaran', 'Pegundungan '),
('3304152014', 'Pejawaran', 'Beji '),
('3304152015', 'Pejawaran', 'Semangkung '),
('3304152016', 'Pejawaran', 'Condongcampur '),
('3304152017', 'Pejawaran', 'Gembol '),
('3304162001', 'Batur', 'Batur '),
('3304162002', 'Batur', 'Sumberejo '),
('3304162003', 'Batur', 'Pasurenan '),
('3304162004', 'Batur', 'Pekasiran '),
('3304162005', 'Batur', 'Kepakisan '),
('3304162006', 'Batur', 'Bakal '),
('3304162007', 'Batur', 'Karangtengah '),
('3304162008', 'Batur', 'Dieng Kulon '),
('3304172001', 'Wanayasa', 'Karangtengah '),
('3304172002', 'Wanayasa', 'Suwidak '),
('3304172003', 'Wanayasa', 'Bantar '),
('3304172004', 'Wanayasa', 'Pandansari '),
('3304172005', 'Wanayasa', 'Pagergunung '),
('3304172006', 'Wanayasa', 'Dawuhan '),
('3304172007', 'Wanayasa', 'Kubang '),
('3304172008', 'Wanayasa', 'Susukan '),
('3304172009', 'Wanayasa', 'Wanayasa '),
('3304172010', 'Wanayasa', 'Pesantren '),
('3304172011', 'Wanayasa', 'Balun '),
('3304172012', 'Wanayasa', 'Tempuran '),
('3304172013', 'Wanayasa', 'Wanaraja '),
('3304172014', 'Wanayasa', 'Jatilawang '),
('3304172015', 'Wanayasa', 'Legoksayem '),
('3304172016', 'Wanayasa', 'Kasimpar '),
('3304172017', 'Wanayasa', 'Penanggungan '),
('3304182001', 'Kalibening', 'Kalibening '),
('3304182002', 'Kalibening', 'Asinan '),
('3304182003', 'Kalibening', 'Sembawa '),
('3304182004', 'Kalibening', 'Kalibombong '),
('3304182005', 'Kalibening', 'Majatengah '),
('3304182006', 'Kalibening', 'Kalisatkidul '),
('3304182007', 'Kalibening', 'Siruken '),
('3304182008', 'Kalibening', 'Kertosari '),
('3304182009', 'Kalibening', 'Sidokangen '),
('3304182010', 'Kalibening', 'Sikumpul '),
('3304182011', 'Kalibening', 'Gununglangit '),
('3304182012', 'Kalibening', 'Bedana '),
('3304182013', 'Kalibening', 'Sirukun '),
('3304182014', 'Kalibening', 'Karanganyar '),
('3304182015', 'Kalibening', 'Plorengan '),
('3304182016', 'Kalibening', 'Kasinoman '),
('3304192001', 'Pandanarum', 'Pandanarum '),
('3304192002', 'Pandanarum', 'Sinduaji '),
('3304192003', 'Pandanarum', 'Pasegeran '),
('3304192004', 'Pandanarum', 'Pingit Lor '),
('3304192005', 'Pandanarum', 'Lawen '),
('3304192006', 'Pandanarum', 'Sirongge '),
('3304192007', 'Pandanarum', 'Pringamba '),
('3304192008', 'Pandanarum', 'Beji '),
('3304202001', 'Pagedongan', 'Pagedongan '),
('3304202002', 'Pagedongan', 'Gunungjati '),
('3304202003', 'Pagedongan', 'Twelagiri '),
('3304202004', 'Pagedongan', 'Kebutuhduwur '),
('3304202005', 'Pagedongan', 'Kebutuhjurang '),
('3304202006', 'Pagedongan', 'Pesangkalan '),
('3304202007', 'Pagedongan', 'Duren '),
('3304202008', 'Pagedongan', 'Lebakwangi ');

-- --------------------------------------------------------

--
-- Struktur dari tabel `tabeldistribusi`
--

CREATE TABLE `tabeldistribusi` (
  `idDistribusi` int(9) NOT NULL,
  `tanggal` date NOT NULL,
  `niap` varchar(6) NOT NULL,
  `idPangkalan` varchar(16) NOT NULL,
  `jumlah` int(6) NOT NULL
) ENGINE=InnoDB DEFAULT CHARSET=latin1;

-- --------------------------------------------------------

--
-- Struktur dari tabel `tabelpangkalan`
--

CREATE TABLE `tabelpangkalan` (
  `idPangkalan` varchar(16) NOT NULL,
  `pemilikPangkalan` varchar(30) NOT NULL,
  `desa` varchar(30) NOT NULL,
  `kecamatan` varchar(30) NOT NULL,
  `niap` varchar(6) NOT NULL
) ENGINE=InnoDB DEFAULT CHARSET=latin1;

--
-- Dumping data untuk tabel `tabelpangkalan`
--

INSERT INTO `tabelpangkalan` (`idPangkalan`, `pemilikPangkalan`, `desa`, `kecamatan`, `niap`) VALUES
('11111', 'wiwi', '3304112005', 'rakit', 'a309'),
('p1', 'Anton', '3304012003', 'Susukan', 'a308'),
('p10', 'Sunardi Sanir', '3304012004', 'Susukan', 'a308'),
('p100', 'SuswandialiasWito', '3304022002', 'Purwareja Klampok', 'a308'),
('p101', 'Rohkman', '3304022002', 'Purwareja Klampok', 'a308'),
('p102', 'Fery Budi Utomo', '3304022003', 'Purwareja Klampok', 'a308'),
('p103', 'Hadi Miarjoalias Jadialias Dod', '3304022003', 'Purwareja Klampok', 'a308'),
('p104', 'Sudiyono', '3304022003', 'Purwareja Klampok', 'a308'),
('p105', 'Suhanda', '3304022003', 'Purwareja Klampok', 'a308'),
('p106', 'Ayudha Septarini', '3304022003', 'Purwareja Klampok', 'a310'),
('p107', 'Sarijo', '3304022007', 'Purwareja Klampok', 'a308'),
('p108', 'Sudarto ', '3304022007', 'Purwareja Klampok', 'a308'),
('p109', 'Yadi Margiono', '3304022007', 'Purwareja Klampok', 'a308'),
('p11', 'Sugeng Prianto', '3304012004', 'Susukan', 'a308'),
('p110', 'Rohmat', '3304022007', 'Purwareja Klampok', 'a308'),
('p111', 'Yoto', '3304022007', 'Purwareja Klampok', 'a308'),
('p112', 'Ahmad Ismail', '3304032004', 'Mandiraja', 'a308'),
('p113', 'Laspriyatialias Kapri', '3304032004', 'Mandiraja', 'a308'),
('p114', 'Mulyonoalias Rizki', '3304032004', 'Mandiraja', 'a308'),
('p115', 'Sartini', '3304032004', 'Mandiraja', 'a308'),
('p116', 'Turyanto', '3304032004', 'Mandiraja', 'a308'),
('p117', 'Watini', '3304032004', 'Mandiraja', 'a310'),
('p118', 'Ahmad Masngudin', '3304032016', 'Mandiraja', 'a308'),
('p119', 'Sunar', '3304032016', 'Mandiraja', 'a308'),
('p12', 'Samiyati', '3304012004', 'Susukan', 'a308'),
('p120', 'Aris Wahyudi', '3304032016', 'Mandiraja', 'a308'),
('p121', 'Dwi Agustianto', '3304032016', 'Mandiraja', 'a308'),
('p122', 'Igit', '3304032016', 'Mandiraja', 'a308'),
('p123', 'Inung', '3304032016', 'Mandiraja', 'a308'),
('p124', 'Khotipah', '3304032016', 'Mandiraja', 'a308'),
('p125', 'Misroyo', '3304032016', 'Mandiraja', 'a308'),
('p126', 'Setiaji Sigitalias Aji', '3304032016', 'Mandiraja', 'a308'),
('p127', 'Siti Asiyah', '3304032016', 'Mandiraja', 'a308'),
('p128', 'Sri Pujiningsih SH', '3304032016', 'Mandiraja', 'a308'),
('p129', 'Suradi HS', '3304032016', 'Mandiraja', 'a308'),
('p13', 'SubadialiasTrisno', '3304012004', 'Susukan', 'a308'),
('p130', 'Wahyantoalias Yanto', '3304032016', 'Mandiraja', 'a308'),
('p131', 'Dian Aditya', '3304032016', 'Mandiraja', 'a306'),
('p132', 'Eko Prihatinialias Sofyan', '3304032016', 'Mandiraja', 'a306'),
('p133', 'Tofingah', '3304032016', 'Mandiraja', 'a306'),
('p134', 'Chatinah', '3304032016', 'Mandiraja', 'a306'),
('p135', 'SPBU Mandiraja', '3304032016', 'Mandiraja', 'a306'),
('p136', 'Anton', '3304032016', 'Mandiraja', 'a307'),
('p137', 'Subekhan', '3304032016', 'Mandiraja', 'a307'),
('p138', 'Robiatun Fauziah', '3304032016', 'Mandiraja', 'a310'),
('p139', 'SuradI', '3304032016', 'Mandiraja', 'a311'),
('p14', 'Ujiono Suprayogi', '3304012004', 'Susukan', 'a310'),
('p140', 'Edy Harwanto', '3304032014', 'Mandiraja', 'a307'),
('p141', 'Surip', '3304032014', 'Mandiraja', 'a309'),
('p142', 'Ari Ana', '3304032012', 'Mandiraja', 'a308'),
('p143', 'Arif Mustaqimalias soccer', '3304032012', 'Mandiraja', 'a308'),
('p144', 'Khuswatun Chasanah', '3304032012', 'Mandiraja', 'a308'),
('p145', 'Priyanto', '3304032012', 'Mandiraja', 'a308'),
('p146', 'Riyantoalias Neza', '3304032012', 'Mandiraja', 'a308'),
('p147', 'Suprapto', '3304032012', 'Mandiraja', 'a308'),
('p148', 'Andika Galuh W', '3304032012', 'Mandiraja', 'a310'),
('p149', 'Aris M', '3304032007', 'Mandiraja', 'a308'),
('p15', 'Sudi', '3304012012', 'Susukan', 'a308'),
('p150', 'Begyo Priyono', '3304032007', 'Mandiraja', 'a308'),
('p151', 'Eni Suyanti', '3304032007', 'Mandiraja', 'a308'),
('p152', 'Kaizzaalias Yudi', '3304032007', 'Mandiraja', 'a308'),
('p153', 'Legiman', '3304032007', 'Mandiraja', 'a308'),
('p154', 'Mohamad Dahlan', '3304032007', 'Mandiraja', 'a308'),
('p155', 'Muslih P', '3304032007', 'Mandiraja', 'a308'),
('p156', 'Tono', '3304032007', 'Mandiraja', 'a308'),
('p157', 'Atmo Diarjo', '3304032008', 'Mandiraja', 'a308'),
('p158', 'Ibnu Warsono', '3304032008', 'Mandiraja', 'a308'),
('p159', 'Titin', '3304032008', 'Mandiraja', 'a308'),
('p16', 'Sulwanto', '3304012012', 'Susukan', 'a308'),
('p160', 'Dodi', '3304032005', 'Mandiraja', 'a308'),
('p161', 'Harjito', '3304032002', 'Mandiraja', 'a308'),
('p162', 'Inah', '3304032002', 'Mandiraja', 'a308'),
('p163', 'Sutiyem', '3304032002', 'Mandiraja', 'a308'),
('p164', 'Rokhman', '3304032002', 'Mandiraja', 'a310'),
('p165', 'Harwoto', '3304032011', 'Mandiraja', 'a308'),
('p166', 'Mahfud', '3304032011', 'Mandiraja', 'a308'),
('p167', 'Winarko', '3304032011', 'Mandiraja', 'a308'),
('p168', 'Kasman', '3304032010', 'Mandiraja', 'a308'),
('p169', 'Rizki', '3304032010', 'Mandiraja', 'a308'),
('p17', 'Kop Korami', '3304012012', 'Susukan', 'a308'),
('p170', 'Yati', '3304032010', 'Mandiraja', 'a308'),
('p171', 'Mahyatialias Turyanto', '3304032009', 'Mandiraja', 'a308'),
('p172', 'Nur Hidayat', '3304032009', 'Mandiraja', 'a308'),
('p173', 'Partinah', '3304032009', 'Mandiraja', 'a308'),
('p174', 'Radiman', '3304032009', 'Mandiraja', 'a308'),
('p175', 'Sutikno', '3304032009', 'Mandiraja', 'a308'),
('p176', 'Tursidi', '3304032009', 'Mandiraja', 'a308'),
('p177', 'Budi Gandulekor', '3304032009', 'Mandiraja', 'a309'),
('p178', 'Sukamto', '3304032006', 'Mandiraja', 'a308'),
('p179', 'Dian Harina Sena', '3304032006', 'Mandiraja', 'a310'),
('p18', 'E DarmawanaliasWawan', '3304012012', 'Susukan', 'a308'),
('p180', 'Tarti Gunarso', '3304032003', 'Mandiraja', 'a308'),
('p181', 'Slamet Suwarto', '3304032001', 'Mandiraja', 'a311'),
('p182', 'Likun', '3304032001', 'Mandiraja', 'a311'),
('p183', 'Satam', '3304032001', 'Mandiraja', 'a308'),
('p184', 'Miswanto', '3304032013', 'Mandiraja', 'a308'),
('p185', 'Musih K', '3304032015', 'Mandiraja', 'a308'),
('p186', 'Misngadi', '3304032015', 'Mandiraja', 'a311'),
('p187', 'Agus Juniarto', '3304042002', 'Purwanegara', 'a308'),
('p188', 'Budi', '3304042002', 'Purwanegara', 'a308'),
('p189', 'Cipto Sochari', '3304042002', 'Purwanegara', 'a308'),
('p19', 'Tarwiyah', '3304012012', 'Susukan', 'a308'),
('p190', 'Kirsun', '3304042002', 'Purwanegara', 'a308'),
('p191', 'Sujarno', '3304042002', 'Purwanegara', 'a308'),
('p192', 'Tresno Sudewo', '3304042002', 'Purwanegara', 'a308'),
('p193', 'Wahidin', '3304042002', 'Purwanegara', 'a308'),
('p194', 'Purnomo', '3304042002', 'Purwanegara', 'a306'),
('p195', 'Septiyani', '3304042002', 'Purwanegara', 'a307'),
('p196', 'Ahmad Ngafif Mubarok', '3304042012', 'Purwanegara', 'a308'),
('p197', 'Slamet Susilo', '3304042012', 'Purwanegara', 'a308'),
('p198', 'Lilis Mergayasa', '3304042012', 'Purwanegara', 'a309'),
('p199', 'Eti Surtini', '3304042012', 'Purwanegara', 'a309'),
('p2', 'Badrun ', '3304012003', 'Susukan', 'a308'),
('p20', 'Tk Dali', '3304012012', 'Susukan', 'a308'),
('p200', 'Anjas Pamugya', '3304042012', 'Purwanegara', 'a306'),
('p201', 'Jumanto', '3304042012', 'Purwanegara', 'a306'),
('p202', 'Kholidin', '3304042012', 'Purwanegara', 'a307'),
('p203', 'Misngadi', '3304042012', 'Purwanegara', 'a307'),
('p204', 'Bambang Ujianto', '3304042012', 'Purwanegara', 'a307'),
('p205', 'Chotimah', '3304042012', 'Purwanegara', 'a307'),
('p206', 'Ahmad Nurohman', '3304042012', 'Purwanegara', 'a307'),
('p207', 'Sugiyanto', '3304042012', 'Purwanegara', 'a307'),
('p208', 'Jumiah', '3304042012', 'Purwanegara', 'a307'),
('p209', 'Juli Khatun', '3304042012', 'Purwanegara', 'a311'),
('p21', 'UD Numar', '3304012012', 'Susukan', 'a308'),
('p210', 'Eko', '3304042010', 'Purwanegara', 'a308'),
('p211', 'Erni', '3304042010', 'Purwanegara', 'a308'),
('p212', 'Saryo', '3304042010', 'Purwanegara', 'a308'),
('p213', 'Suyud', '3304042010', 'Purwanegara', 'a308'),
('p214', 'Takdiryati', '3304042010', 'Purwanegara', 'a308'),
('p215', 'Sumardi', '3304042010', 'Purwanegara', 'a308'),
('p216', 'Windro', '3304042010', 'Purwanegara', 'a308'),
('p217', 'Mulyono', '3304042010', 'Purwanegara', 'a308'),
('p218', 'Sutomo Edi W', '3304042010', 'Purwanegara', 'a309'),
('p219', 'Sri Laeli', '3304042010', 'Purwanegara', 'a307'),
('p22', 'Saikun Widodo', '3304012012', 'Susukan', 'a306'),
('p220', 'Supriyaningsih ', '3304042010', 'Purwanegara', 'a307'),
('p221', 'Welas Budiyanto', '3304042010', 'Purwanegara', 'a307'),
('p222', 'Maryanto', '3304042010', 'Purwanegara', 'a306'),
('p223', 'SPBU Purwonegoro', '3304042010', 'Purwanegara', 'a306'),
('p224', 'Meiliani Tamzil (Outlet)', '3304042010', 'Purwanegara', 'a310'),
('p225', 'Abdul Kohar', '3304042006', 'Purwanegara', 'a308'),
('p226', 'Misno Nur Arifudin', '3304042006', 'Purwanegara', 'a308'),
('p227', 'Tatik', '3304042006', 'Purwanegara', 'a308'),
('p228', 'Akhmad Mustajab', '3304042006', 'Purwanegara', 'a310'),
('p229', 'Setiyohadi', '3304042006', 'Purwanegara', 'a311'),
('p23', 'Tamiardjo Riswanto', '3304012012', 'Susukan', 'a310'),
('p230', 'Listiani', '3304042003', 'Purwanegara', 'a308'),
('p231', 'Pujadi', '3304042003', 'Purwanegara', 'a308'),
('p232', 'Supriadi', '3304042003', 'Purwanegara', 'a308'),
('p233', 'Rajab', '3304042011', 'Purwanegara', 'a308'),
('p234', 'Srihastuti', '3304042011', 'Purwanegara', 'a308'),
('p235', 'Susi Widiyanti', '3304042011', 'Purwanegara', 'a310'),
('p236', 'Doni Cahyo Pradono (Outlet)', '3304042011', 'Purwanegara', 'a310'),
('p237', 'Sapto Tridianto', '3304042011', 'Purwanegara', 'a306'),
('p238', 'Subandi', '3304042009', 'Purwanegara', 'a308'),
('p239', 'Urip Mulyono', '3304042009', 'Purwanegara', 'a308'),
('p24', 'Sugiyah', '3304012012', 'Susukan', 'a310'),
('p240', 'Yuliana Lilis Suprapti', '3304042009', 'Purwanegara', 'a308'),
('p241', 'Suparyono KM', '3304042009', 'Purwanegara', 'a308'),
('p242', 'Suratno', '3304042009', 'Purwanegara', 'a308'),
('p243', 'Adi Wibowo', '3304042009', 'Purwanegara', 'a311'),
('p244', 'Tri Rahayu Handayani', '3304042008', 'Purwanegara', 'a306'),
('p245', 'Ahmad Suparto', '3304042008', 'Purwanegara', 'a309'),
('p246', 'Anita Setya Tanti', '3304042008', 'Purwanegara', 'a310'),
('p247', 'Soenarno', '3304042004', 'Purwanegara', 'a310'),
('p248', 'Risang Eka Smarayuda', '3304042007', 'Purwanegara', 'a311'),
('p249', 'Raniyem', '3304042013', 'Purwanegara', 'a309'),
('p25', 'Achmad Sukardi', '3304012011', 'Susukan', 'a308'),
('p250', 'Suhamto', '3304042013', 'Purwanegara', 'a311'),
('p251', 'Rinem', '3304042001', 'Purwanegara', 'a311'),
('p252', 'Sutarto Kebarongan', '3304042005', 'Purwanegara', 'a306'),
('p253', 'Suyitno', '3304052018', 'Bawang', 'a306'),
('p254', 'Tugimin', '3304052018', 'Bawang', 'a306'),
('p255', 'Rusmiyah', '3304052018', 'Bawang', 'a306'),
('p256', 'Hartanto', '3304052018', 'Bawang', 'a307'),
('p257', 'Mardi', '3304052018', 'Bawang', 'a307'),
('p258', 'Suparno', '3304052018', 'Bawang', 'a307'),
('p259', 'Wahadi', '3304052018', 'Bawang', 'a309'),
('p26', 'Maridi', '3304012011', 'Susukan', 'a308'),
('p260', 'Sartono', '3304052018', 'Bawang', 'a309'),
('p261', 'Heru Sispurwanto', '3304052018', 'Bawang', 'a311'),
('p262', 'Nuzy Susanto', '3304052017', 'Bawang', 'a306'),
('p263', 'Toko FAFA', '3304052017', 'Bawang', 'a306'),
('p264', 'Ida S', '3304052017', 'Bawang', 'a306'),
('p265', 'Imam Sugito', '3304052017', 'Bawang', 'a306'),
('p266', 'Mugiyo', '3304052017', 'Bawang', 'a306'),
('p267', 'Sukarni Gemuruh', '3304052017', 'Bawang', 'a307'),
('p268', 'Suwarjo', '3304052017', 'Bawang', 'a307'),
('p269', 'Yuli Karyati', '3304052017', 'Bawang', 'a311'),
('p27', 'Sartono', '3304012011', 'Susukan', 'a308'),
('p270', 'Riyanto', '3304052017', 'Bawang', 'a311'),
('p271', 'SPBU Blambangan', '3304052016', 'Bawang', 'a306'),
('p272', 'Turyanto', '3304052016', 'Bawang', 'a306'),
('p273', 'Siti Chasanah', '3304052016', 'Bawang', 'a307'),
('p274', 'Yunita Prasanti', '3304052016', 'Bawang', 'a309'),
('p275', 'Maharani Fajrin', '3304052016', 'Bawang', 'a309'),
('p276', 'Anif Khamnidi', '3304052016', 'Bawang', 'a310'),
('p277', 'Heni Nugrahaeni S', '3304052016', 'Bawang', 'a311'),
('p278', 'Alfadri', '3304052012', 'Bawang', 'a306'),
('p279', 'Sumarnialias Andan', '3304052012', 'Bawang', 'a306'),
('p28', 'Agus Sukirno', '3304012011', 'Susukan', 'a310'),
('p280', 'Hendri', '3304052012', 'Bawang', 'a306'),
('p281', 'Samsul', '3304052012', 'Bawang', 'a306'),
('p282', 'Pujiono', '3304052012', 'Bawang', 'a306'),
('p283', 'Praptialias Juwandi', '3304052012', 'Bawang', 'a306'),
('p284', 'Jarmudin', '3304052012', 'Bawang', 'a309'),
('p285', 'Yuli Budi Nurmawati (Outlet)', '3304052012', 'Bawang', 'a310'),
('p286', 'Parmonoalias Iman Abadi', '3304052011', 'Bawang', 'a306'),
('p287', 'Pondok', '3304052011', 'Bawang', 'a306'),
('p288', 'Zaenal Mutakin', '3304052011', 'Bawang', 'a306'),
('p289', 'Turyati', '3304052011', 'Bawang', 'a307'),
('p29', 'Narto Kasimun', '3304012015', 'Susukan', 'a308'),
('p290', 'Mohamad Sofwan', '3304052014', 'Bawang', 'a306'),
('p291', 'Suparti', '3304052014', 'Bawang', 'a306'),
('p292', 'Nur Khasan', '3304052014', 'Bawang', 'a307'),
('p293', 'Usiana Devi', '3304052014', 'Bawang', 'a311'),
('p294', 'Nurokhman', '3304052013', 'Bawang', 'a306'),
('p295', 'Burhanudin', '3304052013', 'Bawang', 'a306'),
('p296', 'Nur Kholik', '3304052013', 'Bawang', 'a307'),
('p297', 'Minun', '3304052006', 'Bawang', 'a306'),
('p298', 'Eni Arniatun', '3304052006', 'Bawang', 'a306'),
('p299', 'Hermanto', '3304052006', 'Bawang', 'a311'),
('p3', 'Dino', '3304012003', 'Susukan', 'a308'),
('p30', 'Uun KuniahaliasKamto', '3304012015', 'Susukan', 'a308'),
('p300', 'Sujatmoko', '3304052003', 'Bawang', 'a307'),
('p301', 'Kikis Suwantoro', '3304052007', 'Bawang', 'a307'),
('p302', 'Sutirah', '3304052009', 'Bawang', 'a309'),
('p303', 'Muryati', '3304052009', 'Bawang', 'a309'),
('p304', 'TK Sumber Rejeki', '3304052009', 'Bawang', 'a307'),
('p305', 'Khamidin', '3304052009', 'Bawang', 'a307'),
('p306', 'Eko purwanto', '3304052009', 'Bawang', 'a310'),
('p307', 'Umar Sidik', '3304052009', 'Bawang', 'a311'),
('p308', 'Imam Bunasir', '3304052009', 'Bawang', 'a306'),
('p309', 'Yuni Rahmawati', '3304052009', 'Bawang', 'a306'),
('p31', 'Karno Budi Hardjo', '3304012015', 'Susukan', 'a310'),
('p310', 'Rochman', '3304052001', 'Bawang', 'a311'),
('p311', 'Triningsih', '3304052001', 'Bawang', 'a311'),
('p312', 'Winarso', '3304052002', 'Bawang', 'a311'),
('p313', 'Wuryati', '3304052004', 'Bawang', 'a307'),
('p314', 'Barokah', '3304052004', 'Bawang', 'a306'),
('p315', 'Isnadi', '3304052004', 'Bawang', 'a311'),
('p316', 'Aan Setya R', '3304052005', 'Bawang', 'a311'),
('p317', 'Sumawikarta', '3304052008', 'Bawang', 'a311'),
('p318', 'Ahmad Sahidin', '3304052010', 'Bawang', 'a307'),
('p319', 'Handi', '3304052010', 'Bawang', 'a311'),
('p32', 'Nurdianto', '3304012015', 'Susukan', 'a310'),
('p320', 'Achmad Sungebi', '3304052015', 'Bawang', 'a307'),
('p321', 'Piarsono', '3304052015', 'Bawang', 'a306'),
('p322', 'SPBU Wangon', '3304061007', 'Banjarnegara', 'a306'),
('p323', 'Widi Nur Hidayati', '3304061007', 'Banjarnegara', 'a306'),
('p324', 'Fitrotun Sochuroh', '3304061007', 'Banjarnegara', 'a309'),
('p325', 'Sumiyati Suprapto', '3304061007', 'Banjarnegara', 'a309'),
('p326', 'Pujiantorel malang', '3304061007', 'Banjarnegara', 'a309'),
('p327', 'Slamet Hartono', '3304061007', 'Banjarnegara', 'a307'),
('p328', 'Supardi', '3304061007', 'Banjarnegara', 'a307'),
('p329', 'Sri Yanti', '3304061007', 'Banjarnegara', 'a307'),
('p33', 'Slamet Riyadi', '3304012015', 'Susukan', 'a310'),
('p330', 'Edi SoeratnoaliasAri', '3304061008', 'Banjarnegara', 'a306'),
('p331', 'Supriyanto', '3304061008', 'Banjarnegara', 'a306'),
('p332', 'Deni Eko S', '3304061008', 'Banjarnegara', 'a309'),
('p333', 'Amini', '3304061008', 'Banjarnegara', 'a309'),
('p334', 'Sudirno', '3304061008', 'Banjarnegara', 'a307'),
('p335', 'Yudi Riyanto', '3304061008', 'Banjarnegara', 'a307'),
('p336', 'Waluyoalias Rengat', '3304061009', 'Banjarnegara', 'a306'),
('p337', 'Syamsu Widiyanto', '3304061009', 'Banjarnegara', 'a306'),
('p338', 'Umi Gapensi Kapling', '3304061009', 'Banjarnegara', 'a306'),
('p339', 'Sri Utami Indah Rejeki KrLewas', '3304061009', 'Banjarnegara', 'a306'),
('p34', 'Sri Gianti', '3304012015', 'Susukan', 'a310'),
('p340', 'Reza', '3304061009', 'Banjarnegara', 'a306'),
('p341', 'Wiwik Dwi Nurhaena', '3304061009', 'Banjarnegara', 'a306'),
('p342', 'Somadi', '3304061009', 'Banjarnegara', 'a306'),
('p343', 'Agus Suparji', '3304061009', 'Banjarnegara', 'a307'),
('p344', 'Agus Suyitno', '3304061009', 'Banjarnegara', 'a307'),
('p345', 'Desti Wahyuningrum', '3304061009', 'Banjarnegara', 'a307'),
('p346', 'Setyo Waningsih', '3304061009', 'Banjarnegara', 'a310'),
('p347', 'Tri Beti Indrawati', '3304061009', 'Banjarnegara', 'a309'),
('p348', 'Mohamad Miqdad', '3304061009', 'Banjarnegara', 'a309'),
('p349', 'Outlet Katraco', '3304061013', 'Banjarnegara', 'a306'),
('p35', 'Satria Gas Abadi Karangjati', '3304012015', 'Susukan', 'a310'),
('p350', 'Bagyo Barat SMP I', '3304061013', 'Banjarnegara', 'a306'),
('p351', 'Toko Yani', '3304061013', 'Banjarnegara', 'a306'),
('p352', 'Slamet Suparto', '3304061013', 'Banjarnegara', 'a306'),
('p353', 'Wawan', '3304061013', 'Banjarnegara', 'a306'),
('p354', 'Toko Melati', '3304061013', 'Banjarnegara', 'a306'),
('p355', 'Miftahul Kirom', '3304061013', 'Banjarnegara', 'a306'),
('p356', 'Puji Utomo', '3304061013', 'Banjarnegara', 'a306'),
('p357', 'Saeful', '3304061013', 'Banjarnegara', 'a306'),
('p358', 'Eko Waluyoalias Boncel', '3304061013', 'Banjarnegara', 'a306'),
('p359', 'Nano Sujirno', '3304061013', 'Banjarnegara', 'a306'),
('p36', 'Mahmud', '3304012010', 'Susukan', 'a308'),
('p360', 'Eko Purnomo', '3304061013', 'Banjarnegara', 'a306'),
('p361', 'INDOMART T50U BANJARNEGARA 3', '3304061013', 'Banjarnegara', 'a306'),
('p362', 'Toko Virgo Kalipalet', '3304061013', 'Banjarnegara', 'a309'),
('p363', 'Tedjo Susanto', '3304061013', 'Banjarnegara', 'a309'),
('p364', 'SulistionoLetjend Suprapto263', '3304061013', 'Banjarnegara', 'a309'),
('p365', 'Sri Wahyuningsih', '3304061013', 'Banjarnegara', 'a309'),
('p366', 'Tulus Setiadi', '3304061013', 'Banjarnegara', 'a309'),
('p367', 'Sunarto', '3304061013', 'Banjarnegara', 'a309'),
('p368', 'Slamet Susilo', '3304061013', 'Banjarnegara', 'a309'),
('p369', 'Iwan', '3304061013', 'Banjarnegara', 'a309'),
('p37', 'Puji Handayani', '3304012010', 'Susukan', 'a308'),
('p370', 'Saeful', '3304061013', 'Banjarnegara', 'a309'),
('p371', 'Nining Gotongroyong', '3304061013', 'Banjarnegara', 'a309'),
('p372', 'HSugeng', '3304061013', 'Banjarnegara', 'a309'),
('p373', 'Mustangin', '3304061013', 'Banjarnegara', 'a307'),
('p374', 'Paryono', '3304061013', 'Banjarnegara', 'a307'),
('p375', 'SudarmantoaliasMantoaliasEndah', '3304061013', 'Banjarnegara', 'a307'),
('p376', 'Lukman Andrianto', '3304061013', 'Banjarnegara', 'a310'),
('p377', 'Budhi Sarwono', '3304061013', 'Banjarnegara', 'a310'),
('p378', 'Budiyono', '3304061013', 'Banjarnegara', 'a311'),
('p379', 'Rochimin', '3304061013', 'Banjarnegara', 'a311'),
('p38', 'Saminah', '3304012010', 'Susukan', 'a308'),
('p380', 'Dedealias Heri', '3304062004', 'Banjarnegara', 'a306'),
('p381', 'Sudarsono ', '3304062004', 'Banjarnegara', 'a309'),
('p382', 'Amir Razak', '3304061010', 'Banjarnegara', 'a307'),
('p383', 'Mardi', '3304061010', 'Banjarnegara', 'a307'),
('p384', 'Rahmad Widodo', '3304061010', 'Banjarnegara', 'a307'),
('p385', 'Siti Zachroh', '3304061010', 'Banjarnegara', 'a307'),
('p386', 'Arto Kumoro', '3304061010', 'Banjarnegara', 'a307'),
('p387', 'Sumarno', '3304061010', 'Banjarnegara', 'a306'),
('p388', 'Sarwono', '3304061010', 'Banjarnegara', 'a306'),
('p389', 'Nanang Ilmi', '3304061010', 'Banjarnegara', 'a306'),
('p39', 'Sunaryo', '3304012010', 'Susukan', 'a308'),
('p390', 'Alip Budianto', '3304061010', 'Banjarnegara', 'a306'),
('p391', 'Heri Bowo Leksono', '3304061010', 'Banjarnegara', 'a306'),
('p392', 'Eka', '3304061010', 'Banjarnegara', 'a306'),
('p393', 'Ardiansyah Ramadhan', '3304061010', 'Banjarnegara', 'a306'),
('p394', 'Nurul Huda', '3304061010', 'Banjarnegara', 'a306'),
('p395', 'Waluyo Sedjati', '3304061010', 'Banjarnegara', 'a309'),
('p396', 'Badar', '3304061010', 'Banjarnegara', 'a309'),
('p397', 'Siti Musringah', '3304061010', 'Banjarnegara', 'a309'),
('p398', 'Akhmad Suryani', '3304061010', 'Banjarnegara', 'a309'),
('p399', 'Trisniati', '3304061010', 'Banjarnegara', 'a311'),
('p4', 'Ninik', '3304012003', 'Susukan', 'a308'),
('p40', 'Ah MusliminaliasMislam', '3304012013', 'Susukan', 'a308'),
('p400', 'M Taufik Sugiarto', '3304061010', 'Banjarnegara', 'a311'),
('p401', 'Dwi Apriyati', '3304061010', 'Banjarnegara', 'a311'),
('p402', 'SPBU Banjarnegara JlPemuda', '3304061012', 'Banjarnegara', 'a306'),
('p403', 'Toko Rahma JlKarjono', '3304061012', 'Banjarnegara', 'a306'),
('p404', 'Titi Romlah Pasar Kota', '3304061012', 'Banjarnegara', 'a306'),
('p405', 'Siti Zaetun', '3304061012', 'Banjarnegara', 'a306'),
('p406', 'Fatah Anwar', '3304061012', 'Banjarnegara', 'a306'),
('p407', 'Edi Kundarto', '3304061012', 'Banjarnegara', 'a306'),
('p408', 'Ani Maryati Sidodadi', '3304061012', 'Banjarnegara', 'a306'),
('p409', 'Suswanto', '3304061012', 'Banjarnegara', 'a306'),
('p41', 'Paryono', '3304012013', 'Susukan', 'a308'),
('p410', 'Antok Budi Santoso', '3304061012', 'Banjarnegara', 'a306'),
('p411', 'M Dwi Hartono', '3304061012', 'Banjarnegara', 'a306'),
('p412', 'Subardi', '3304061012', 'Banjarnegara', 'a306'),
('p413', 'Murni Kusumawati', '3304061012', 'Banjarnegara', 'a307'),
('p414', 'Latief Pasar Kota', '3304061012', 'Banjarnegara', 'a307'),
('p415', 'Tri Yulianto', '3304061012', 'Banjarnegara', 'a307'),
('p416', 'Suryadi', '3304061012', 'Banjarnegara', 'a307'),
('p417', 'Ihan Nursetiyadi', '3304061012', 'Banjarnegara', 'a310'),
('p418', 'Outlet Katraco', '3304061012', 'Banjarnegara', 'a311'),
('p419', 'Farid', '3304061011', 'Banjarnegara', 'a306'),
('p42', 'Yitno', '3304012013', 'Susukan', 'a308'),
('p420', 'Teguh Setyono', '3304061011', 'Banjarnegara', 'a306'),
('p421', 'Apotik Imun', '3304061011', 'Banjarnegara', 'a306'),
('p422', 'Hasanudin', '3304061011', 'Banjarnegara', 'a306'),
('p423', 'Ahmad Fauzi', '3304061011', 'Banjarnegara', 'a306'),
('p424', 'Fadil Amin', '3304061011', 'Banjarnegara', 'a306'),
('p425', 'M Khaerul Rakhman', '3304061011', 'Banjarnegara', 'a306'),
('p426', 'Yogo pramono', '3304061011', 'Banjarnegara', 'a306'),
('p427', 'INDOMART T89X IDM PEMUDA', '3304061011', 'Banjarnegara', 'a306'),
('p428', 'INDOMART T57X IDM DI PANJAITAN', '3304061011', 'Banjarnegara', 'a306'),
('p429', 'Ismu Pramana Hadi', '3304061011', 'Banjarnegara', 'a306'),
('p43', 'Agus Sumaryono alias CHN', '3304012009', 'Susukan', 'a308'),
('p430', 'Toko Prawita Jl Pemuda Bna', '3304061011', 'Banjarnegara', 'a309'),
('p431', 'Toko 66 Jl SParman Bna', '3304061011', 'Banjarnegara', 'a309'),
('p432', 'Atik Peni H Krenan', '3304061011', 'Banjarnegara', 'a309'),
('p433', 'Moch Waldi Losari', '3304061011', 'Banjarnegara', 'a309'),
('p434', 'Toko Kiki JlPanjaitan', '3304061011', 'Banjarnegara', 'a309'),
('p435', 'Lie Hok Ping', '3304061011', 'Banjarnegara', 'a309'),
('p436', 'Intan DI Panjaitan', '3304061011', 'Banjarnegara', 'a307'),
('p437', 'Linda Soraya', '3304061011', 'Banjarnegara', 'a307'),
('p438', 'Siti Hadiroh', '3304061001', 'Banjarnegara', 'a307'),
('p439', 'Intan', '3304061001', 'Banjarnegara', 'a309'),
('p44', 'Ahmad Suhudi', '3304012009', 'Susukan', 'a308'),
('p440', 'Jiwanto', '3304061001', 'Banjarnegara', 'a306'),
('p441', 'Arif Setyadi Batan', '3304061001', 'Banjarnegara', 'a306'),
('p442', 'Neny Yuliyanti', '3304061001', 'Banjarnegara', 'a311'),
('p443', 'Tri Utami', '3304061006', 'Banjarnegara', 'a309'),
('p444', 'Misbari', '3304061006', 'Banjarnegara', 'a309'),
('p445', 'TB Subur', '3304061006', 'Banjarnegara', 'a306'),
('p446', 'Walidah', '3304061006', 'Banjarnegara', 'a311'),
('p447', 'Fitriyanti', '3304061006', 'Banjarnegara', 'a311'),
('p448', 'Tugiyono Outlet Ampelsari', '3304062002', 'Banjarnegara', 'a309'),
('p449', 'Arifin', '3304062005', 'Banjarnegara', 'a307'),
('p45', 'Rusmiyati', '3304012009', 'Susukan', 'a308'),
('p450', 'Widiyanti', '3304062005', 'Banjarnegara', 'a311'),
('p451', 'Sahru Ngaeni', '3304062005', 'Banjarnegara', 'a311'),
('p452', 'Agus Nipan', '3304062003', 'Banjarnegara', 'a311'),
('p453', 'Siti Suripah alias Waluyo Land', '3304062003', 'Banjarnegara', 'a306'),
('p454', 'Mutorir', '3304202001', 'Pagedongan', 'a306'),
('p455', 'Eni', '3304202001', 'Pagedongan', 'a306'),
('p456', 'Sobron', '3304202001', 'Pagedongan', 'a306'),
('p457', 'Bayu Aji Cahyadi', '3304202001', 'Pagedongan', 'a306'),
('p458', 'Amini', '3304202003', 'Pagedongan', 'a307'),
('p459', 'Salimi', '3304202003', 'Pagedongan', 'a306'),
('p46', 'Triono', '3304012009', 'Susukan', 'a308'),
('p460', 'Muslikh', '3304202003', 'Pagedongan', 'a306'),
('p461', 'Ahmad Sultoni', '3304202003', 'Pagedongan', 'a311'),
('p462', 'Siti Atongah', '3304202003', 'Pagedongan', 'a311'),
('p463', 'Mahyati', '3304202003', 'Pagedongan', 'a311'),
('p464', 'Sudarno', '3304202002', 'Pagedongan', 'a311'),
('p465', 'Sutarko', '3304202004', 'Pagedongan', 'a311'),
('p466', 'Abdul Azis Nasrun', '3304202005', 'Pagedongan', 'a311'),
('p467', 'Madriyanto', '3304202006', 'Pagedongan', 'a311'),
('p468', 'Hari Tujimansyah', '3304202007', 'Pagedongan', 'a311'),
('p469', 'Pujo Santoso', '3304202008', 'Pagedongan', 'a311'),
('p47', 'Bu Suman', '3304012006', 'Susukan', 'a308'),
('p470', 'Laswanto', '3304202003', 'Pagedongan', 'a306'),
('p471', 'Widya Pangestika', '3304202003', 'Pagedongan', 'a306'),
('p472', 'Atom', '3304082009', 'Madukara', 'a306'),
('p473', 'Budiarto', '3304082009', 'Madukara', 'a309'),
('p474', 'Surahman', '3304082009', 'Madukara', 'a309'),
('p475', 'Catur Heru Mulyanto', '3304082013', 'Madukara', 'a306'),
('p476', 'SPBU Petambakan', '3304082013', 'Madukara', 'a306'),
('p477', 'Karsono Puntuk Sirata', '3304082013', 'Madukara', 'a309'),
('p478', 'Khoiruman', '3304082013', 'Madukara', 'a309'),
('p479', 'Wahyu Wibowo', '3304082013', 'Madukara', 'a310'),
('p48', 'Aris alias Dartono', '3304012002', 'Susukan', 'a308'),
('p480', 'Budiarso', '3304082006', 'Madukara', 'a306'),
('p481', 'Toko Cumawiralias Bu Toto', '3304082006', 'Madukara', 'a306'),
('p482', 'Indiah Sutarti', '3304082006', 'Madukara', 'a306'),
('p483', 'Kukuhalias Marsono', '3304082006', 'Madukara', 'a306'),
('p484', 'Kamini Krajan', '3304082006', 'Madukara', 'a307'),
('p485', 'Nasikhin', '3304082006', 'Madukara', 'a311'),
('p486', 'Putut Dwi Prasetyo', '3304082005', 'Madukara', 'a306'),
('p487', 'Rita', '3304082005', 'Madukara', 'a306'),
('p488', 'Chotim', '3304082007', 'Madukara', 'a306'),
('p489', 'Yulita Pusparini', '3304082007', 'Madukara', 'a307'),
('p49', 'Nuryanto', '3304012002', 'Susukan', 'a308'),
('p490', 'Sapto Purnomo', '3304082011', 'Madukara', 'a306'),
('p491', 'Eti Setiana', '3304082011', 'Madukara', 'a306'),
('p492', 'Edi Priyono', '3304082011', 'Madukara', 'a309'),
('p493', 'Gatot Wiharyono', '3304082004', 'Madukara', 'a306'),
('p494', 'Warno', '3304082004', 'Madukara', 'a309'),
('p495', 'Sati', '3304082004', 'Madukara', 'a309'),
('p496', 'Eka Setyawan', '3304082004', 'Madukara', 'a309'),
('p497', 'Stiyo Budi Dogleg', '3304082004', 'Madukara', 'a309'),
('p498', 'Tanto', '3304082004', 'Madukara', 'a307'),
('p499', 'Eko Budi Santoso', '3304082012', 'Madukara', 'a307'),
('p5', 'Rudi', '3304012003', 'Susukan', 'a308'),
('p50', 'Sain', '3304012002', 'Susukan', 'a308'),
('p500', 'Muchijab', '3304082012', 'Madukara', 'a307'),
('p501', 'Musinah', '3304082012', 'Madukara', 'a307'),
('p502', 'Muslihudin', '3304082012', 'Madukara', 'a307'),
('p503', 'Naryo', '3304082012', 'Madukara', 'a309'),
('p504', 'Romliyah', '3304082012', 'Madukara', 'a309'),
('p505', 'Misngadi', '3304082008', 'Madukara', 'a307'),
('p506', 'Outlet Dawuhan', '3304082008', 'Madukara', 'a309'),
('p507', 'Sugeng Priono', '3304082008', 'Madukara', 'a311'),
('p508', 'Eling Puntukgondang lor', '3304082018', 'Madukara', 'a309'),
('p509', 'Harno', '3304082018', 'Madukara', 'a309'),
('p51', 'Sugito Joni Triono', '3304012002', 'Susukan', 'a308'),
('p510', 'JanjamPuntukgondang lor ', '3304082018', 'Madukara', 'a309'),
('p511', 'Helly Hermawan Jl Raya Sigaluh', '3304082001', 'Madukara', 'a307'),
('p512', 'Indratno', '3304082001', 'Madukara', 'a311'),
('p513', 'Yanto', '3304082014', 'Madukara', 'a309'),
('p514', 'Agus Supriyadi', '3304082003', 'Madukara', 'a307'),
('p515', 'Arum Retnaningsih', '3304082003', 'Madukara', 'a311'),
('p516', 'Mursinah', '3304082010', 'Madukara', 'a309'),
('p517', 'Rudi Eko Purnomo', '3304082002', 'Madukara', 'a310'),
('p518', 'Bawon', '3304082015', 'Madukara', 'a307'),
('p519', 'Mukti Ali ', '3304082015', 'Madukara', 'a309'),
('p52', 'Gunawan', '3304012002', 'Susukan', 'a306'),
('p520', 'Sukma Wiarjo S', '3304082016', 'Madukara', 'a307'),
('p521', 'Romadhon', '3304082016', 'Madukara', 'a307'),
('p522', 'Marwan', '3304082016', 'Madukara', 'a311'),
('p523', 'Rakiman Kasbari', '3304082017', 'Madukara', 'a310'),
('p524', 'Supri', '3304082019', 'Madukara', 'a309'),
('p525', 'Sri Iriyanti JlRaya Prigi', '3304072008', 'Sigaluh', 'a306'),
('p526', 'Ngakip', '3304162001', 'Batur', 'a306'),
('p527', 'Sutomo', '3304072007', 'Sigaluh', 'a306'),
('p528', 'Agus Priono', '3304072013', 'Sigaluh', 'a306'),
('p529', 'Sudaryanto Brayut', '3304072009', 'Sigaluh', 'a306'),
('p53', 'M AnwarudinaliasUdin', '3304012007', 'Susukan', 'a308'),
('p530', 'UD Variasi Jl Raya Sigaluh', '3304072013', 'Sigaluh', 'a307'),
('p531', 'Surastono Brayut', '3304072009', 'Sigaluh', 'a307'),
('p532', 'Sudarmi Brayut', '3304072013', 'Sigaluh', 'a307'),
('p533', 'Supriyantoalias Kuncung', '3304072004', 'Sigaluh', 'a306'),
('p534', 'Arif Wianto', '3304072004', 'Sigaluh', 'a307'),
('p535', 'SPBU Hiu', '3304071001', 'Sigaluh', 'a306'),
('p536', 'Saefulah Fatah', '3304071001', 'Sigaluh', 'a306'),
('p537', 'Akhmad Suyatno', '3304071001', 'Sigaluh', 'a307'),
('p538', 'Hj Musringah Pandi', '3304071001', 'Sigaluh', 'a307'),
('p539', 'Sri Suparmi', '3304072005', 'Sigaluh', 'a306'),
('p54', 'Markot', '3304012007', 'Susukan', 'a308'),
('p540', 'Tukiyo', '3304072005', 'Sigaluh', 'a307'),
('p541', 'Siti Fatimah', '3304072006', 'Sigaluh', 'a307'),
('p542', 'Muhamad Muhson', '3304072006', 'Sigaluh', 'a306'),
('p543', 'Sastroalias Javet', '3304072009', 'Sigaluh', 'a309'),
('p544', 'Ami', '3304072014', 'Sigaluh', 'a309'),
('p545', 'Lusia Fristanti', '3304072014', 'Sigaluh', 'a309'),
('p546', 'Puji Astuti', '3304072014', 'Sigaluh', 'a310'),
('p547', 'Eko Wahono', '3304072001', 'Sigaluh', 'a310'),
('p548', 'Nimun Sutarso', '3304072001', 'Sigaluh', 'a306'),
('p549', 'Jono', '3304072002', 'Sigaluh', 'a306'),
('p55', 'Supriyono', '3304012007', 'Susukan', 'a308'),
('p550', 'Suyono Saputra', '3304072003', 'Sigaluh', 'a306'),
('p551', 'Yuni Iklasiyah', '3304072010', 'Sigaluh', 'a311'),
('p552', 'Aminah', '3304072011', 'Sigaluh', 'a311'),
('p553', 'Suwarso', '3304072012', 'Sigaluh', 'a307'),
('p554', 'Diana Pancawatialias Otri', '3304092015', 'Banjarmangu', 'a306'),
('p555', 'Abdul Hamid', '3304092001', 'Banjarmangu', 'a306'),
('p556', 'Slamet Rifana', '3304092001', 'Banjarmangu', 'a307'),
('p557', 'Toko Dadi Subur', '3304092003', 'Banjarmangu', 'a306'),
('p558', 'Turahman', '3304092003', 'Banjarmangu', 'a309'),
('p559', 'Siti KH Wayuningsih', '3304092003', 'Banjarmangu', 'a309'),
('p56', 'Marwoto P', '3304012008', 'Susukan', 'a308'),
('p560', 'Amin', '3304092003', 'Banjarmangu', 'a309'),
('p561', 'Niyah', '3304092003', 'Banjarmangu', 'a307'),
('p562', 'Supriyanto', '3304092003', 'Banjarmangu', 'a311'),
('p563', 'Winarti', '3304092008', 'Banjarmangu', 'a306'),
('p564', 'Sitrianto', '3304092008', 'Banjarmangu', 'a306'),
('p565', 'Kuswanto', '3304092008', 'Banjarmangu', 'a309'),
('p566', 'Sutar', '3304092008', 'Banjarmangu', 'a309'),
('p567', 'Kustini', '3304092008', 'Banjarmangu', 'a309'),
('p568', 'Amin Hamyah Kendaga', '3304092008', 'Banjarmangu', 'a307'),
('p569', 'Arif Sudarno', '3304092005', 'Banjarmangu', 'a307'),
('p57', 'Ripun HS alias Samsiah', '3304012008', 'Susukan', 'a308'),
('p570', 'Oyan', '3304092005', 'Banjarmangu', 'a307'),
('p571', 'Tabah Wahyono', '3304092005', 'Banjarmangu', 'a306'),
('p572', 'Slamet R', '3304092005', 'Banjarmangu', 'a306'),
('p573', 'Hendri S', '3304092005', 'Banjarmangu', 'a309'),
('p574', 'Khalim', '3304092004', 'Banjarmangu', 'a307'),
('p575', 'Sukono Hadi', '3304092004', 'Banjarmangu', 'a307'),
('p576', 'Imam Fadli Rejasari', '3304092004', 'Banjarmangu', 'a307'),
('p577', 'Supriyono', '3304092004', 'Banjarmangu', 'a311'),
('p578', 'Latif Hidayat', '3304092006', 'Banjarmangu', 'a309'),
('p579', 'SuwartiPesanggrahan', '3304092006', 'Banjarmangu', 'a309'),
('p58', 'RusdiyantoaliasToserba', '3304012008', 'Susukan', 'a308'),
('p580', 'Nur Kholis', '3304092006', 'Banjarmangu', 'a306'),
('p581', 'Miswadi', '3304092002', 'Banjarmangu', 'a309'),
('p582', 'Sumini', '3304092002', 'Banjarmangu', 'a309'),
('p583', 'Rudi Ariviyanto', '3304092010', 'Banjarmangu', 'a307'),
('p584', 'Nuning Safringah (Outlet)', '3304092010', 'Banjarmangu', 'a310'),
('p585', 'Faturochman', '3304092010', 'Banjarmangu', 'a306'),
('p586', 'Sri Marwati', '3304092007', 'Banjarmangu', 'a311'),
('p587', 'Agus Sukamto', '3304092007', 'Banjarmangu', 'a309'),
('p588', 'Fathul Hadi', '3304092009', 'Banjarmangu', 'a307'),
('p589', 'Altiah', '3304092011', 'Banjarmangu', 'a307'),
('p59', 'Nurochim', '3304012014', 'Susukan', 'a308'),
('p590', 'Sahid Mudzakir', '3304092012', 'Banjarmangu', 'a309'),
('p591', 'Nur Sodik Kepyar', '3304092012', 'Banjarmangu', 'a306'),
('p592', 'Tukiman', '3304092013', 'Banjarmangu', 'a307'),
('p593', 'Eman Sutrisno', '3304092013', 'Banjarmangu', 'a311'),
('p594', 'Narimah', '3304092014', 'Banjarmangu', 'a307'),
('p595', 'Tikno Sigong', '3304092017', 'Banjarmangu', 'a309'),
('p596', 'Eko Cahyono', '3304102003', 'Wanadadi', 'a306'),
('p597', 'Eko Budi Waluyo', '3304102003', 'Wanadadi', 'a306'),
('p598', 'Outlet Karangjambe', '3304102003', 'Wanadadi', 'a309'),
('p599', 'Sohirun', '3304102010', 'Wanadadi', 'a306'),
('p6', 'Rustam', '3304012003', 'Susukan', 'a308'),
('p60', 'Nanang Heni', '3304012014', 'Susukan', 'a306'),
('p600', 'Tri Yudianto', '3304102010', 'Wanadadi', 'a306'),
('p601', 'Farrasena Boing Prilaksa', '3304102010', 'Wanadadi', 'a311'),
('p602', 'I Fajar Suryaningsih', '3304102010', 'Wanadadi', 'a311'),
('p603', 'Nursalim', '3304102005', 'Wanadadi', 'a306'),
('p604', 'Margo', '3304102005', 'Wanadadi', 'a306'),
('p605', 'SaryonoaliasCarikaliasIndah Nu', '3304102005', 'Wanadadi', 'a306'),
('p606', 'Pindah Rahayu', '3304102005', 'Wanadadi', 'a307'),
('p607', 'Sri Mutingah', '3304102005', 'Wanadadi', 'a307'),
('p608', 'Cokro', '3304102005', 'Wanadadi', 'a309'),
('p609', 'Taufik Hidayat', '3304102005', 'Wanadadi', 'a311'),
('p61', 'Ratna Ningsih', '3304012014', 'Susukan', 'a310'),
('p610', 'Ipang Prayoto', '3304102005', 'Wanadadi', 'a311'),
('p611', 'Erlan Pasar Wanadadi', '3304102004', 'Wanadadi', 'a306'),
('p612', 'Munif edi baroto', '3304102004', 'Wanadadi', 'a306'),
('p613', 'Budiarto Pasar Wanadadi', '3304102004', 'Wanadadi', 'a306'),
('p614', 'Solihin', '3304102004', 'Wanadadi', 'a306'),
('p615', 'RiyantoaliasSutinah KrGandu', '3304102004', 'Wanadadi', 'a306'),
('p616', 'Suratno', '3304102004', 'Wanadadi', 'a306'),
('p617', 'Nur Faizah', '3304102004', 'Wanadadi', 'a307'),
('p618', 'Suryono', '3304102004', 'Wanadadi', 'a307'),
('p619', 'Septo Nugroho Gandu', '3304102004', 'Wanadadi', 'a309'),
('p62', 'Rinem', '3304012006', 'Susukan', 'a310'),
('p620', 'Sulis Hidayati', '3304102004', 'Wanadadi', 'a309'),
('p621', 'Siti Fatimah', '3304102004', 'Wanadadi', 'a309'),
('p622', 'Niti', '3304102004', 'Wanadadi', 'a309'),
('p623', 'Alyati', '3304102004', 'Wanadadi', 'a309'),
('p624', 'Ampi Yulianto', '3304102004', 'Wanadadi', 'a310'),
('p625', 'Slamet', '3304102002', 'Wanadadi', 'a306'),
('p626', 'Eva Fadila', '3304102002', 'Wanadadi', 'a306'),
('p627', 'Supirman Firman', '3304102002', 'Wanadadi', 'a309'),
('p628', 'Romadi', '3304102002', 'Wanadadi', 'a309'),
('p629', 'Wahyu Heru Santoso', '3304102002', 'Wanadadi', 'a309'),
('p63', 'Nasiah alias Iswandi', '3304012001', 'Susukan', 'a308'),
('p630', 'Kusmadi', '3304102002', 'Wanadadi', 'a309'),
('p631', 'Budi', '3304102001', 'Wanadadi', 'a306'),
('p632', 'Harindiyah', '3304102001', 'Wanadadi', 'a306'),
('p633', 'Agus Dwi Saputro', '3304102001', 'Wanadadi', 'a306'),
('p634', 'Supri', '3304102001', 'Wanadadi', 'a309'),
('p635', 'Sukhidin', '3304102008', 'Wanadadi', 'a307'),
('p636', 'Sardiman', '3304102008', 'Wanadadi', 'a309'),
('p637', 'Ida Lestari Ambarwati', '3304102008', 'Wanadadi', 'a310'),
('p638', 'Warsito', '3304102009', 'Wanadadi', 'a307'),
('p639', 'Endro', '3304102009', 'Wanadadi', 'a310'),
('p64', 'Alim', '3304022001', 'Purwareja Klampok', 'a308'),
('p640', 'Yuli Astuti', '3304102007', 'Wanadadi', 'a307'),
('p641', 'Yuniar', '3304102006', 'Wanadadi', 'a309'),
('p642', 'Bangun Yutikno', '3304102006', 'Wanadadi', 'a311'),
('p643', 'Soebagyo', '3304102011', 'Wanadadi', 'a306'),
('p644', 'Latifah', '3304102011', 'Wanadadi', 'a306'),
('p645', 'Suparman ST', '3304112004', 'Rakit', 'a306'),
('p646', 'Galih', '3304112004', 'Rakit', 'a306'),
('p647', 'Agus Darmadji', '3304112004', 'Rakit', 'a306'),
('p648', 'Roup', '3304112004', 'Rakit', 'a306'),
('p649', 'Toko PrajaaliasDrs HaryokoRT ', '3304112004', 'Rakit', 'a306'),
('p65', 'Ida Susanti', '3304022001', 'Purwareja Klampok', 'a308'),
('p650', 'Ramli', '3304112004', 'Rakit', 'a306'),
('p651', 'Mukhlisin', '3304112004', 'Rakit', 'a309'),
('p652', 'Budi Witarto', '3304112004', 'Rakit', 'a308'),
('p653', 'Budi Widodo', '3304112004', 'Rakit', 'a310'),
('p654', 'Ahmad Murtado', '3304112003', 'Rakit', 'a306'),
('p655', 'Saefulloh', '3304112003', 'Rakit', 'a306'),
('p656', 'Atun', '3304112011', 'Rakit', 'a306'),
('p657', 'Slamet Riyadi', '3304112011', 'Rakit', 'a306'),
('p658', 'Arif nurrohman', '3304112011', 'Rakit', 'a306'),
('p659', 'Ahmad Rudiyanto', '3304112011', 'Rakit', 'a309'),
('p66', 'Tuslam', '3304022001', 'Purwareja Klampok', 'a308'),
('p660', 'Arif Subekti', '3304112002', 'Rakit', 'a306'),
('p661', 'Imam Suwarno', '3304112002', 'Rakit', 'a310'),
('p662', 'Sobron Muntamad', '3304112007', 'Rakit', 'a306'),
('p663', 'Imam Abdillah', '3304112007', 'Rakit', 'a306'),
('p664', 'Nono', '3304112008', 'Rakit', 'a306'),
('p665', 'Idris', '3304112008', 'Rakit', 'a306'),
('p666', 'Mansur', '3304112008', 'Rakit', 'a309'),
('p667', 'Ahmad', '3304112008', 'Rakit', 'a309'),
('p668', 'Anteng Nursamsi', '3304112008', 'Rakit', 'a310'),
('p669', 'Hadi', '3304112001', 'Rakit', 'a306'),
('p67', 'Aman', '3304022008', 'Purwareja Klampok', 'a308'),
('p670', 'Ermintowati', '3304112001', 'Rakit', 'a309'),
('p671', 'Noman Kumoro', '3304112005', 'Rakit', 'a308'),
('p672', 'Rusmini R ', '3304112005', 'Rakit', 'a307'),
('p673', 'Nur Kholis', '3304112005', 'Rakit', 'a307'),
('p674', 'Siti Khasanah', '3304112009', 'Rakit', 'a307'),
('p675', 'Suwaryo', '3304112006', 'Rakit', 'a307'),
('p676', 'Turohudin Teguh', '3304112006', 'Rakit', 'a306'),
('p677', 'Samsudin', '3304112010', 'Rakit', 'a311'),
('p678', 'SilaaliasLatif', '3304122014', 'Punggelan', 'a306'),
('p679', 'Bektialias Poniran', '3304122014', 'Punggelan', 'a306'),
('p68', 'Hendy', '3304022008', 'Purwareja Klampok', 'a308'),
('p680', 'Titin Setiana', '3304122014', 'Punggelan', 'a306'),
('p681', 'Jahidin', '3304122014', 'Punggelan', 'a309'),
('p682', 'Awan Widoyo Totogan', '3304122014', 'Punggelan', 'a309'),
('p683', 'Tofik', '3304122009', 'Punggelan', 'a306'),
('p684', 'Supriyanto', '3304122009', 'Punggelan', 'a306'),
('p685', 'Badar', '3304122009', 'Punggelan', 'a306'),
('p686', 'SantialiasCounter Zida', '3304122009', 'Punggelan', 'a306'),
('p687', 'Aris Setiyono', '3304122009', 'Punggelan', 'a309'),
('p688', 'Darsono', '3304122002', 'Punggelan', 'a306'),
('p689', 'Aries Triono', '3304122002', 'Punggelan', 'a310'),
('p69', 'Suwandi', '3304022008', 'Purwareja Klampok', 'a308'),
('p690', 'Teguh Imam Santoso', '3304122005', 'Punggelan', 'a306'),
('p691', 'Siti Khotijah', '3304122005', 'Punggelan', 'a310'),
('p692', 'Soker Bengkat', '3304122010', 'Punggelan', 'a309'),
('p693', 'Kosim Heri Kusmoyo', '3304122010', 'Punggelan', 'a309'),
('p694', 'SunartialiasRudi', '3304122010', 'Punggelan', 'a309'),
('p695', 'Partono Parman', '3304122010', 'Punggelan', 'a309'),
('p696', 'Jumadi', '3304122010', 'Punggelan', 'a309'),
('p697', 'Ahmad Faozan', '3304122010', 'Punggelan', 'a309'),
('p698', 'Yani', '3304122010', 'Punggelan', 'a309'),
('p699', 'Tohir', '3304122013', 'Punggelan', 'a309'),
('p7', 'Suparyono', '3304012003', 'Susukan', 'a308'),
('p70', 'Takwin Abidin', '3304022008', 'Purwareja Klampok', 'a308'),
('p700', 'Wahyo', '3304122013', 'Punggelan', 'a309'),
('p701', 'Eri Tri HertantoTrisi', '3304122006', 'Punggelan', 'a309'),
('p702', 'Etrawati Faruni Atotogan', '3304122006', 'Punggelan', 'a309'),
('p703', 'Yuni Setia Wati', '3304122001', 'Punggelan', 'a310'),
('p704', 'Karso', '3304122003', 'Punggelan', 'a306'),
('p705', 'Yuningsih', '3304122015', 'Punggelan', 'a307'),
('p706', 'Erdhin Triyoko', '3304122004', 'Punggelan', 'a310'),
('p707', 'Bisriyah', '3304122004', 'Punggelan', 'a311'),
('p708', 'Yadi', '3304122004', 'Punggelan', 'a306'),
('p709', 'Ma`rifatul Mukharomah', '3304122008', 'Punggelan', 'a311'),
('p71', 'Suwondo', '3304022008', 'Purwareja Klampok', 'a308'),
('p710', 'Rohmatulloh AR', '3304122008', 'Punggelan', 'a311'),
('p711', 'Jupri', '3304122016', 'Punggelan', 'a311'),
('p712', 'Hj Salimah', '3304132013', 'Karangkobar', 'a306'),
('p713', 'Setiajialias Tohid', '3304132013', 'Karangkobar', 'a306'),
('p714', 'Tohid Hadi Sutarno', '3304132013', 'Karangkobar', 'a309'),
('p715', 'Ita Yulianti', '3304132012', 'Karangkobar', 'a306'),
('p716', 'SPBU Karangkobar', '3304132012', 'Karangkobar', 'a306'),
('p717', 'Toko Mitra', '3304132012', 'Karangkobar', 'a306'),
('p718', 'Wiryono', '3304132012', 'Karangkobar', 'a306'),
('p719', 'INDOMART F70K IDM KARANG KOBAR', '3304132012', 'Karangkobar', 'a306'),
('p72', 'Amin', '3304022006', 'Purwareja Klampok', 'a308'),
('p720', 'Yatno', '3304132012', 'Karangkobar', 'a309'),
('p721', 'Amin Slamet', '3304132012', 'Karangkobar', 'a309'),
('p722', 'Stefani Wibowo', '3304132012', 'Karangkobar', 'a309'),
('p723', 'Budi Yono', '3304132012', 'Karangkobar', 'a309'),
('p724', 'Miftah', '3304132012', 'Karangkobar', 'a309'),
('p725', 'Achmad Haryanto', '3304132012', 'Karangkobar', 'a307'),
('p726', 'Agus Rifai', '3304132012', 'Karangkobar', 'a307'),
('p727', 'Iksanto Djoenedi', '3304132012', 'Karangkobar', 'a307'),
('p728', 'Sutomo', '3304132012', 'Karangkobar', 'a307'),
('p729', 'Wiwik Rohyani', '3304132012', 'Karangkobar', 'a307'),
('p73', 'Pardiman', '3304022006', 'Purwareja Klampok', 'a308'),
('p730', 'Khayati', '3304132010', 'Karangkobar', 'a306'),
('p731', 'Suwarni', '3304132005', 'Karangkobar', 'a306'),
('p732', 'Surachman', '3304132003', 'Karangkobar', 'a306'),
('p733', 'Rahmat', '3304132003', 'Karangkobar', 'a306'),
('p734', 'Marno', '3304132003', 'Karangkobar', 'a307'),
('p735', 'Mardianto', '3304132011', 'Karangkobar', 'a309'),
('p736', 'Mugianto Mukhali', '3304132011', 'Karangkobar', 'a311'),
('p737', 'Wakhdiyanto', '3304132011', 'Karangkobar', 'a311'),
('p738', 'Pami', '3304132001', 'Karangkobar', 'a306'),
('p739', 'Kinem', '3304132001', 'Karangkobar', 'a307'),
('p74', 'Slamet Riyadi', '3304022006', 'Purwareja Klampok', 'a308'),
('p740', 'Misno', '3304132001', 'Karangkobar', 'a307'),
('p741', 'Ihwanto', '3304132004', 'Karangkobar', 'a307'),
('p742', 'Suyoto ST', '3304132004', 'Karangkobar', 'a307'),
('p743', 'Juwanto', '3304132002', 'Karangkobar', 'a307'),
('p744', 'Sulastri', '3304132006', 'Karangkobar', 'a306'),
('p745', 'Agus Samsudin', '3304132006', 'Karangkobar', 'a311'),
('p746', 'Abdul Samsulloh', '3304132007', 'Karangkobar', 'a309'),
('p747', 'Fakhridatun K', '3304132007', 'Karangkobar', 'a309'),
('p748', 'Sarifudin', '3304132008', 'Karangkobar', 'a309'),
('p749', 'Pairin', '3304132008', 'Karangkobar', 'a309'),
('p75', 'Bada Efendi', '3304022005', 'Purwareja Klampok', 'a308'),
('p750', 'Sakur Sucipto', '3304132008', 'Karangkobar', 'a311'),
('p751', 'Jumirah', '3304132009', 'Karangkobar', 'a309'),
('p752', 'BiantoaliasHom Bie', '3304172014', 'Wanayasa', 'a306'),
('p753', 'Kalis Setiyowati', '3304172014', 'Wanayasa', 'a307'),
('p754', 'Suwandi', '3304172014', 'Wanayasa', 'a307'),
('p755', 'Subroto', '3304172013', 'Wanayasa', 'a306'),
('p756', 'Tarmono', '3304172013', 'Wanayasa', 'a306'),
('p757', 'Darli', '3304172013', 'Wanayasa', 'a309'),
('p758', 'Adhi alias Kaswari', '3304172009', 'Wanayasa', 'a306'),
('p759', 'Nasori', '3304172010', 'Wanayasa', 'a306'),
('p76', 'Bowo Setiarto', '3304022005', 'Purwareja Klampok', 'a308'),
('p760', 'Sudiarti', '3304172009', 'Wanayasa', 'a307'),
('p761', 'Pitoyo Hadi Waluyo', '3304172009', 'Wanayasa', 'a309'),
('p762', 'Sugiarti', '3304172009', 'Wanayasa', 'a309'),
('p763', 'Maemunah', '3304172009', 'Wanayasa', 'a309'),
('p764', 'Widi', '3304172009', 'Wanayasa', 'a309'),
('p765', 'Surip', '3304172009', 'Wanayasa', 'a309'),
('p766', 'Siti Nurkhasanah', '3304172011', 'Wanayasa', 'a306'),
('p767', 'Hajir', '3304172011', 'Wanayasa', 'a309'),
('p768', 'Likah', '3304172011', 'Wanayasa', 'a309'),
('p769', 'Nurlaela', '3304172011', 'Wanayasa', 'a309'),
('p77', 'Drajat W', '3304022005', 'Purwareja Klampok', 'a308'),
('p770', 'Kantor Desa Kasimpar', '3304172016', 'Wanayasa', 'a307'),
('p771', 'Sutardi', '3304172002', 'Wanayasa', 'a306'),
('p772', 'Mua Rofudin', '3304172007', 'Wanayasa', 'a307'),
('p773', 'Dariyah', '3304172007', 'Wanayasa', 'a311'),
('p774', 'Susi Setyawati', '3304172015', 'Wanayasa', 'a306'),
('p775', 'Ikhwanto', '3304172005', 'Wanayasa', 'a306'),
('p776', 'Siti Rodiyah', '3304172004', 'Wanayasa', 'a309'),
('p777', 'Kotim', '3304172017', 'Wanayasa', 'a306'),
('p778', 'Basirun', '3304172010', 'Wanayasa', 'a309'),
('p779', 'Sobirin', '3304172008', 'Wanayasa', 'a306'),
('p78', 'SumartonoaliasTono', '3304022005', 'Purwareja Klampok', 'a308'),
('p780', 'Pramono Grogol', '3304172012', 'Wanayasa', 'a309'),
('p781', 'Maulanaalias Toko Insan', '3304182001', 'Kalibening', 'a306'),
('p782', 'PujionoaliasPuji Foto', '3304182001', 'Kalibening', 'a306'),
('p783', 'Umi Eti Sarofah', '3304182001', 'Kalibening', 'a306'),
('p784', 'Fauzi Achmad', '3304182001', 'Kalibening', 'a306'),
('p785', 'Asep Apriliyanto', '3304182001', 'Kalibening', 'a309'),
('p786', 'Andri Haryanto', '3304182001', 'Kalibening', 'a309'),
('p787', 'Peni', '3304182001', 'Kalibening', 'a309'),
('p788', 'Rofiah', '3304182001', 'Kalibening', 'a309'),
('p789', 'Sunardiono', '3304182001', 'Kalibening', 'a309'),
('p79', 'The Kim Wie', '3304022005', 'Purwareja Klampok', 'a308'),
('p790', 'Mujirno', '3304182001', 'Kalibening', 'a309'),
('p791', 'Supriadi', '3304182001', 'Kalibening', 'a309'),
('p792', 'Samidi Bangun', '3304182001', 'Kalibening', 'a309'),
('p793', 'Supriyanto', '3304182001', 'Kalibening', 'a309'),
('p794', 'Kholipah', '3304182001', 'Kalibening', 'a309'),
('p795', 'Hombun', '3304182001', 'Kalibening', 'a309'),
('p796', 'Siti Rohainatut', '3304182001', 'Kalibening', 'a309'),
('p797', 'Sri Mulyani', '3304182001', 'Kalibening', 'a309'),
('p798', 'Mujiono', '3304182001', 'Kalibening', 'a309'),
('p799', 'Pinggul', '3304182001', 'Kalibening', 'a309'),
('p8', 'Ridin', '3304012003', 'Susukan', 'a308'),
('p80', 'Tumardi', '3304022005', 'Purwareja Klampok', 'a308'),
('p800', 'Dessy Kurniawati', '3304182001', 'Kalibening', 'a311'),
('p801', 'Ulfa', '3304182005', 'Kalibening', 'a309'),
('p802', 'Sulipah', '3304182005', 'Kalibening', 'a306'),
('p803', 'Erwati', '3304182009', 'Kalibening', 'a306'),
('p804', 'Rusmanto', '3304182016', 'Kalibening', 'a306'),
('p805', 'Kholik', '3304182016', 'Kalibening', 'a309'),
('p806', 'Gatot', '3304182003', 'Kalibening', 'a306'),
('p807', 'Tulus', '3304182003', 'Kalibening', 'a306'),
('p808', 'Suratin', '3304182011', 'Kalibening', 'a311'),
('p809', 'Sutrisno', '3304182008', 'Kalibening', 'a311'),
('p81', 'Dwi Erniwati', '3304022005', 'Purwareja Klampok', 'a308'),
('p810', 'Jumilah', '3304182011', 'Kalibening', 'a309'),
('p811', 'Sopani', '3304182004', 'Kalibening', 'a311'),
('p812', 'Seno', '3304182002', 'Kalibening', 'a311'),
('p813', 'Suniyati', '3304182013', 'Kalibening', 'a309'),
('p814', 'Nasirin', '3304182015', 'Kalibening', 'a309'),
('p815', 'Sukesi', '3304182015', 'Kalibening', 'a309'),
('p816', 'Tunut Riyanto', '3304182010', 'Kalibening', 'a306'),
('p817', 'Sarno Suwarno', '3304182010', 'Kalibening', 'a311'),
('p818', 'Endang Prisetya', '3304192001', 'Pandanarum', 'a306'),
('p819', 'Umiyati', '3304092015', 'Pandanarum', 'a306'),
('p82', 'Sri Sugiarti', '3304022005', 'Purwareja Klampok', 'a308'),
('p820', 'Suparjo', '3304192001', 'Pandanarum', 'a306'),
('p821', 'Suparmo', '3304192005', 'Pandanarum', 'a306'),
('p822', 'Nirmasari', '3304192005', 'Pandanarum', 'a311'),
('p823', 'Ahwanto', '3304192005', 'Pandanarum', 'a309'),
('p824', 'Misno Al Alim Suprianto', '3304192003', 'Pandanarum', 'a311'),
('p825', 'Sungil Sudrajat', '3304192002', 'Pandanarum', 'a306'),
('p826', 'Sarmini', '3304192006', 'Pandanarum', 'a311'),
('p827', 'Kamirah', '3304192006', 'Pandanarum', 'a309'),
('p828', 'Wuryanti', '3304192007', 'Pandanarum', 'a311'),
('p829', 'Eni Rohati', '3304192004', 'Pandanarum', 'a306'),
('p83', 'Hari Prabowo', '3304022005', 'Purwareja Klampok', 'a308'),
('p830', 'Sri Hadiyani', '3304142012', 'Pagentan', 'a306'),
('p831', 'Mistir Nurhadi', '3304142012', 'Pagentan', 'a309'),
('p832', 'Ainurofiq', '3304142012', 'Pagentan', 'a309'),
('p833', 'Zaenal', '3304142012', 'Pagentan', 'a309'),
('p834', 'Solihin', '3304142012', 'Pagentan', 'a309'),
('p835', 'Achmad Yulianto', '3304142012', 'Pagentan', 'a309'),
('p836', 'Amin Sukatin', '3304142012', 'Pagentan', 'a309'),
('p837', 'Nurhadiyono', '3304142012', 'Pagentan', 'a309'),
('p838', 'Pujiwati', '3304142012', 'Pagentan', 'a309'),
('p839', 'Ahmad', '3304142013', 'Pagentan', 'a307'),
('p84', 'SPBU Klampok', '3304022005', 'Purwareja Klampok', 'a306'),
('p840', 'Syamsiati Plunjaran', '3304142014', 'Pagentan', 'a309'),
('p841', 'Mulyati Plunjaran', '3304142014', 'Pagentan', 'a309'),
('p842', 'Widiyastuti Plunjaran', '3304142014', 'Pagentan', 'a309'),
('p843', 'Zaenal Paswoto', '3304142014', 'Pagentan', 'a311'),
('p844', 'Sunarkim', '3304142006', 'Pagentan', 'a309'),
('p845', 'Kustini', '3304142006', 'Pagentan', 'a309'),
('p846', 'Bahtiar Faozi', '3304142002', 'Pagentan', 'a309'),
('p847', 'Kunthing', '3304142002', 'Pagentan', 'a311'),
('p848', 'Yusup Taguh', '3304142001', 'Pagentan', 'a309'),
('p849', 'Fitri Anggarini', '3304142001', 'Pagentan', 'a311'),
('p85', 'Ngadi', '3304022005', 'Purwareja Klampok', 'a306'),
('p850', 'Yudi Puji Atmoko Ponadi', '3304142003', 'Pagentan', 'a311'),
('p851', 'Nur Hasanah', '3304142003', 'Pagentan', 'a309'),
('p852', 'Taswin', '3304142005', 'Pagentan', 'a309'),
('p853', 'Tk Bintang Family', '3304142007', 'Pagentan', 'a309'),
('p854', 'Ida Irawan', '3304142015', 'Pagentan', 'a311'),
('p855', 'Sodri', '3304142016', 'Pagentan', 'a311'),
('p856', 'Wardianto', '3304142008', 'Pagentan', 'a311'),
('p857', 'Sugeng Turyanto', '3304142008', 'Pagentan', 'a309'),
('p858', 'Sobar Mukti Raharjo', '3304142011', 'Pagentan', 'a311'),
('p859', 'Toko Kylaalias Akmal', '3304152004', 'Pejawaran', 'a306'),
('p86', 'Supono', '3304022005', 'Purwareja Klampok', 'a306'),
('p860', 'Inji Aenah', '3304152004', 'Pejawaran', 'a306'),
('p861', 'Mukmin Irvanudin', '3304152004', 'Pejawaran', 'a306'),
('p862', 'Hermansyah Aman Aizir', '3304152011', 'Pejawaran', 'a307'),
('p863', 'Zaenal Amri', '3304152011', 'Pejawaran', 'a311'),
('p864', 'Tk Nabila', '3304152009', 'Pejawaran', 'a309');
INSERT INTO `tabelpangkalan` (`idPangkalan`, `pemilikPangkalan`, `desa`, `kecamatan`, `niap`) VALUES
('p865', 'Sri Majar P', '3304152009', 'Pejawaran', 'a309'),
('p866', 'Sugiat', '3304152010', 'Pejawaran', 'a309'),
('p867', 'Umi', '3304152010', 'Pejawaran', 'a309'),
('p868', 'M Hadirin Sidik', '3304152010', 'Pejawaran', 'a309'),
('p869', 'Raharjo', '3304152010', 'Pejawaran', 'a309'),
('p87', 'Evi Yunizarti', '3304022005', 'Purwareja Klampok', 'a310'),
('p870', 'Harti', '3304152010', 'Pejawaran', 'a309'),
('p871', 'Prayit', '3304152010', 'Pejawaran', 'a309'),
('p872', 'Awaludin Ahmad', '3304152016', 'Pejawaran', 'a306'),
('p873', 'OUTLET Sahabat', '3304152016', 'Pejawaran', 'a306'),
('p874', 'Prasetyo', '3304152017', 'Pejawaran', 'a306'),
('p875', 'Sigit Pramono', '3304152001', 'Pejawaran', 'a306'),
('p876', 'Rustam', '3304152007', 'Pejawaran', 'a306'),
('p877', 'Nurul Qomariyah', '3304152005', 'Pejawaran', 'a311'),
('p878', 'Teguh Widodo', '3304152006', 'Pejawaran', 'a311'),
('p879', 'Suhono', '3304152012', 'Pejawaran', 'a311'),
('p88', 'Budi Kurniawan P', '3304022004', 'Purwareja Klampok', 'a308'),
('p880', 'Suparman', '3304152012', 'Pejawaran', 'a306'),
('p881', 'Kalyono', '3304152013', 'Pejawaran', 'a311'),
('p882', 'Nisom', '3304152014', 'Pejawaran', 'a311'),
('p883', 'Maksun', '3304152015', 'Pejawaran', 'a311'),
('p884', 'Khadin', '3304152015', 'Pejawaran', 'a306'),
('p885', 'Yoyon Hidayat', '3304162002', 'Batur', 'a306'),
('p886', 'Rina Setyawati', '3304162002', 'Batur', 'a306'),
('p887', 'Tausilul Mawaddah', '3304162002', 'Batur', 'a307'),
('p888', 'Tuti RakhmulhayatialiasBu Toto', '3304162002', 'Batur', 'a307'),
('p889', 'Nunuk Mujamil', '3304162001', 'Batur', 'a306'),
('p89', 'Subagjo', '3304022004', 'Purwareja Klampok', 'a308'),
('p890', 'Hj Siti Juwariyah', '3304162001', 'Batur', 'a306'),
('p891', 'Sucipto', '3304162001', 'Batur', 'a306'),
('p892', 'Siti Musfidatun Umriyah', '3304162001', 'Batur', 'a306'),
('p893', 'Rozikin', '3304162001', 'Batur', 'a306'),
('p894', 'Arif Zaenuddin', '3304162001', 'Batur', 'a306'),
('p895', 'Tri Wiyono Raharjo', '3304162001', 'Batur', 'a306'),
('p896', 'Ella Rahmatunnisa', '3304162001', 'Batur', 'a306'),
('p897', 'Arif Zainudin SP', '3304162001', 'Batur', 'a309'),
('p898', 'Suharti', '3304162001', 'Batur', 'a307'),
('p899', 'Windarti', '3304162001', 'Batur', 'a307'),
('p9', 'Marwoto G', '3304012004', 'Susukan', 'a308'),
('p90', 'KOP Koramil KLP', '3304022004', 'Purwareja Klampok', 'a308'),
('p900', 'Ahwan Rohim Grogol', '3304162001', 'Batur', 'a307'),
('p901', 'Suharto Sidareja', '3304162001', 'Batur', 'a307'),
('p902', 'SPBU Dieng', '3304162008', 'Batur', 'a306'),
('p903', 'INDOMART TWIT IDM DIENG', '3304162008', 'Batur', 'a306'),
('p904', 'Achmad Nurcholis', '3304162004', 'Batur', 'a306'),
('p905', 'Edi Wiyatno ', '3304162004', 'Batur', 'a306'),
('p906', 'Wiwit', '3304162007', 'Batur', 'a306'),
('p907', 'Firman Harto Yuwono', '3304162003', 'Batur', 'a307'),
('p908', 'Gilang Fajar Amalia Aji', '3304162006', 'Batur', 'a307'),
('p91', 'Kristoni Adinata', '3304022004', 'Purwareja Klampok', 'a308'),
('p92', 'Yosef Elisa Peter', '3304022004', 'Purwareja Klampok', 'a308'),
('p93', 'Cicilia Andriani', '3304022004', 'Purwareja Klampok', 'a308'),
('p94', 'Basirun', '3304022004', 'Purwareja Klampok', 'a306'),
('p95', 'Kristiawan Eko Prasetyo', '3304022004', 'Purwareja Klampok', 'a306'),
('p96', 'Dodi Suwito Sunarko', '3304022004', 'Purwareja Klampok', 'a310'),
('p97', 'Lilis Pujianti', '3304022004', 'Purwareja Klampok', 'a310'),
('p98', 'Daryati Ny', '3304022002', 'Purwareja Klampok', 'a308'),
('p99', 'Tohir Ny', '3304022002', 'Purwareja Klampok', 'a308');

-- --------------------------------------------------------

--
-- Struktur dari tabel `tabeluser`
--

CREATE TABLE `tabeluser` (
  `id` varchar(12) NOT NULL,
  `nama` varchar(50) NOT NULL,
  `email` varchar(30) NOT NULL,
  `user` varchar(50) NOT NULL,
  `password` varchar(20) NOT NULL,
  `no_hp` varchar(20) NOT NULL,
  `kelas` varchar(1) NOT NULL,
  `niap` varchar(16) NOT NULL
) ENGINE=InnoDB DEFAULT CHARSET=latin1;

--
-- Dumping data untuk tabel `tabeluser`
--

INSERT INTO `tabeluser` (`id`, `nama`, `email`, `user`, `password`, `no_hp`, `kelas`, `niap`) VALUES
('1', 'Admin Pemda', 'lpg_bna@gmail.com', 'admpemda', 'admpemda3304banjar', '82324423442', '1', ''),
('2', 'Serayu Mitra Selaras', 'smsbna@gmail.com', 'admsms', 'sms3304banjar', '8232442xxxx', '2', 'a306'),
('3', 'Mudah Hasil', 'mhbna@gmail.com', 'admmh', 'mh3304banjar', '8232442xxxx', '2', 'a307'),
('4', 'Viroma Guyub Abadi', 'vgabna@gmail.com', 'admvga', 'vga3304banjar', '8232442xxxx', '2', 'a308'),
('5', 'Budi Seger Jaya', 'bsjbna@gmail.com', 'admbsj', 'bsj3304banjar', '8232442xxxx', '2', 'a309'),
('6', 'Satria Gas Abadi', 'sgabna@gmail.com', 'admsga', 'sga3304banjar', '8232442xxxx', '2', 'a310'),
('7', 'Ranasa Abadi Mamur', 'rambna@gmail.com', 'admram', 'ram3304banjar', '8232442xxxx', '2', 'a311');

--
-- Indexes for dumped tables
--

--
-- Indeks untuk tabel `tabelagen`
--
ALTER TABLE `tabelagen`
  ADD PRIMARY KEY (`niap`);

--
-- Indeks untuk tabel `tabeldesa`
--
ALTER TABLE `tabeldesa`
  ADD PRIMARY KEY (`nid`);

--
-- Indeks untuk tabel `tabeldistribusi`
--
ALTER TABLE `tabeldistribusi`
  ADD PRIMARY KEY (`idDistribusi`);

--
-- Indeks untuk tabel `tabelpangkalan`
--
ALTER TABLE `tabelpangkalan`
  ADD PRIMARY KEY (`idPangkalan`);

--
-- Indeks untuk tabel `tabeluser`
--
ALTER TABLE `tabeluser`
  ADD PRIMARY KEY (`id`);
COMMIT;

/*!40101 SET CHARACTER_SET_CLIENT=@OLD_CHARACTER_SET_CLIENT */;
/*!40101 SET CHARACTER_SET_RESULTS=@OLD_CHARACTER_SET_RESULTS */;
/*!40101 SET COLLATION_CONNECTION=@OLD_COLLATION_CONNECTION */;
